number_of_cycles,SOH,mileage,asoc_inc,amili_inc,max_temp,min_temp,amax_temp,amin_temp,SOC_process,time,aver_vol,aver_cur,duration_process,alarm_info,one,two,three,four,five
1,144.64,26270,39.66666667,515,29,16,26,19.33333333,"81.0,100.0;59.0,57.0;57.0,100.0;100.0,43.0;43.0,100.0;100.0",2018/5/8 4:56,3364.848959,-93.40115408,5619.0;-770.0;13360.0;-35061.0;16609.0;,0;0;0;0;0,0.090494566,0.084774695,0.4086039,0.30417526,-0.066624664
2,144.3633334,28730,45.33333333,820,28,18,27,19.33333333,"100.0,33.0;33.0,87.0;87.0,85.0;85.0,94.0;94.0,27.0;27.0,100.0;100.0",2018/5/9 5:10,3354.174734,-94.20708676,-21429.0;15789.0;-1608.0;2580.0;-23871.0;21911.0;,0;0;0;0;0,0.36117992,0.056142267,0.37013704,-0.003511227,0.083784126
3,144.3633334,30040,22.5,655,29,20,27.5,20,"100.0,48.0;48.0,84.0;84.0,64.0;64.0,73.0;73.0",2018/5/9 21:36,3345.878189,-92.72728466,-32050.0;11089.0;-13311.0;2700.0;,0;0;0;0;0,0.12924005,0.11855936,0.42130956,0.02231293,0.16169965
4,144.3633334,32540,18.57142857,357.1428571,28,13,24.71428571,16.57142857,"73.0,73.0;73.0,100.0;100.0,39.0;39.0,77.0;77.0,75.0;75.0,85.0;85.0,30.0;30.0,39.0;39.0,39.0;39.0,45.0;45.0,45.0;45.0,51.0;51.0,30.0;30.0,64.0;64.0",2018/5/11 9:41,3347.286064,-153.4490842,0.0;8018.0;-38306.0;11140.0;-3538.0;3099.0;-23704.0;2530.0;21992.0;1720.0;60.0;1810.0;-11742.0;1880.0;,0;0;0;0;0,0.7174787,-0.16601837,0.32496116,0.011946119,0.56804127
5,144.7933333,35050,36,627.5,34,21,32,23,"64.0,28.0;28.0,70.0;70.0,69.0;80.0,86.0;86.0,23.0;24.0,41.0;41.0,19.0;19.0,98.0;98.0",2018/5/12 12:53,3355.619675,-285.8380632,-10847.0;12799.0;-1910.0;323.0;-22314.0;1010.0;-23935.0;23159.0;,0;0;0;0;0,-0.14730713,0.046082716,0.04403589,0.27407944,0.114857964
6,144.7933333,36240,39,1190,33,21,33,21,"98.0,34.0;34.0,73.0;73.0",2018/5/12 23:23,3372.545024,-484.2654028,-34064.0;2260.0;,0;0;0;0;0,-0.091964334,0.102577165,0.052018657,0.32263273,0.67479426
7,145.23,38180,68,970,34,21,32.5,23,"73.0,23.0;23.0,100.0;100.0,41.0;41.0,100.0;100.0",2018/5/13 22:36,3348.07872,-94.85707408,-24224.0;23329.0;-18775.0;17219.0;,0;0;0;0;0,-0.10630969,0.05973709,-0.038416725,-0.6732401,0.48534867
8,145.0266667,39280,31.5,550,40,25,38,26,"100.0,28.0;28.0,47.0;47.0,46.0;47.0,91.0;91.0",2018/5/14 17:15,3348.813167,-273.5655699,-58214.0;5649.0;-428.0;2699.0;,0;0;0;0;0,0.05821962,-0.001366936,-0.409768,-0.012315257,-0.60561174
9,144.3305,41390,59,1055,39,26,37,26,"91.0,30.0;30.0,100.0;100.0,33.0;33.0,81.0;81.0",2018/5/15 16:23,3340.65499,-88.90651445,-19591.0;21850.0;-26730.0;15069.0;,0;0;0;0;0,-0.15495276,0.06708586,-0.27870432,-0.06833063,0.45324337
10,145.0576667,42800,46.5,705,40,28,38.5,28.5,"81.0,80.0;80.0,97.0;97.0,24.0;24.0,100.0;100.0",2018/5/16 5:18,3376.253922,-271.5157181,-2059.0;1070.0;-20342.0;22909.0;,0;0;0;0;0,0.00897816,0.47422823,-0.38318253,0.07742963,0.03419175
11,145.0576667,45190,34.33333333,796.6666667,42,29,41.33333333,30.33333333,"100.0,15.0;15.0,85.0;85.0,66.0;67.0,69.0;69.0,30.0;31.0,62.0;62.0",2018/5/16 23:27,3352.403209,-326.1916128,-23009.0;21199.0;-6238.0;120.0;-11924.0;1959.0;,0;0;0;0;0,-0.068430685,0.55464876,-0.5526185,0.22238751,0.1625153
12,144.3683333,46740,42,516.6666667,43,29,40,29.66666667,"62.0,17.0;17.0,36.0;36.0,36.0;36.0,70.0;70.0,27.0;27.0,100.0;100.0",2018/5/17 14:35,3345.464526,-329.3848616,-11749.0;1140.0;110.0;2130.0;-16729.0;22168.0;,0;0;0;0;0,-0.27259335,0.34006852,-0.615784,0.07641727,-0.3407407
13,144.586,47900,65,1160,37,28,37,28,"100.0,24.0;24.0,89.0;89.0",2018/5/18 3:26,3338.054411,-93.08821976,-27030.0;19192.0;,0;0;0;0;0,-0.2162411,0.49600425,-0.28215095,-0.6789159,0.5669568
14,144.586,50130,42.33333333,743.3333333,38,22,35,25.33333333,"89.0,25.0;25.0,86.0;87.0,65.0;78.0,97.0;99.0,50.0;50.0,97.0;97.0",2018/5/19 5:24,3367.576799,-217.6411704,-26982.0;18839.0;-16328.0;1120.0;-14688.0;13859.0;,0;0;0;0;0,-0.15626732,0.06287776,-0.1684274,0.19005494,0.10664191
15,144.586,51980,24.66666667,616.6666667,28,15,27,18.33333333,"97.0,91.0;91.0,96.0;96.0,63.0;63.0,100.0;100.0,36.0;36.0,68.0;68.0",2018/5/20 15:57,3370.944287,-234.3931461,-8399.0;1580.0;-18179.0;11159.0;-82718.0;1710.0;,0;0;0;0;0,0.74374926,0.12029184,0.22891736,-0.7320136,0.24724832
16,144.0966667,53530,38,503.3333333,32,18,29.33333333,19.33333333,"68.0,35.0;38.0,94.0;94.0,42.0;42.0,45.0;45.0,45.0;45.0,100.0;100.0",2018/5/21 5:40,3353.154047,-224.3541684,-11054.0;3220.0;-12950.0;1130.0;221.0;16570.0;,0;0;0;0;0,-0.17403874,0.059066225,0.38187867,0.34755164,0.031980593
17,142.645,54790,35.5,630,32,18,28.5,18,"100.0,29.0;29.0,47.0;47.0,46.0;47.0,100.0;100.0",2018/5/21 15:46,3361.390668,-283.9669658,-25961.0;5560.0;-510.0;3070.0;,0;0;0;0;0,-0.19028215,0.026322285,-0.007332696,0.11140665,0.01888324
18,142.645,56690,49.5,950,28,18,27.5,19,"100.0,37.0;37.0,100.0;100.0,62.0;62.0,98.0;98.0",2018/5/22 10:57,3357.359879,-90.40179531,-27489.0;20099.0;-10474.0;10629.0;,0;0;0;0;0,0.44040513,-0.04169619,0.22566414,0.027128853,0.35485286
19,142.645,59510,40.33333333,873.3333333,30,19,28.66666667,19.33333333,"98.0,58.0;58.0,100.0;100.0,50.0;50.0,95.0;99.0,45.0;35.0,69.0;69.0",2018/5/23 12:55,3364.149674,-228.5817927,-30488.0;2347.0;-16574.0;12919.0;-13431.0;9689.0;,0;0;0;0;0,0.042246155,0.012797465,0.28584087,0.3231466,0.45975953
20,142.8203333,62060,48,675,34,20,31.5,20.5,"60.0,32.0;33.0,89.0;89.0,42.0;42.0,82.0;82.0",2018/5/24 12:46,3371.349674,-287.3176863,-11162.0;16339.0;-25318.0;2289.0;,0;0;0;0;0,-0.2533944,0.02938404,0.07380933,0.064342156,-0.047449455
21,143.075,64130,20.2,-12242,29,12,25.4,14.6,"82.0,25.0;25.0,26.0;26.0,26.0;26.0,26.0;26.0,26.0;26.0,29.0;29.0,0.0;16.0,63.0;68.0,43.0;44.0,94.0;94.0",2018/5/28 5:50,3315.542034,-75.92995801,-245317.0;363.0;74.0;0.0;20.0;705.0;-4994.0;13849.0;-29658.0;14740.0;,0;0;0;0;0,0.17291313,-0.32247147,0.32320037,0.06359591,0.27743977
22,143.075,67340,27.25,530,33,20,31.25,22,"94.0,39.0;39.0,100.0;100.0,81.0;78.0,88.0;69.0,42.0;52.0,55.0;78.0,61.0;65.0,100.0;100.0",2018/5/30 4:56,3363.93843,-190.0566047,-18417.0;18999.0;-54422.0;3029.0;-6900.0;210.0;-5965.0;10239.0;,0;0;0;0;0,-0.09575238,-0.002335068,0.1285669,-0.68815094,-0.47630826
23,143.36,69360,54.5,1010,33,20,31.5,21.5,"100.0,36.0;36.0,86.0;86.0,39.0;39.0,98.0;98.0",2018/5/31 5:33,3341.351072,-94.20953793,-26141.0;15129.0;-30288.0;16970.0;,0;0;0;0;0,-0.15799573,-0.03700046,0.12803353,-0.24334623,0.46689847
24,143.6061667,70360,66,1000,29,19,29,19,"99.0,34.0;34.0,100.0;100.0",2018/5/31 18:48,3348.303133,-92.02455546,-24105.0;19669.0;,0;0;0;0;0,0.08956364,0.02444706,0.28571787,-0.8710084,0.8648948
25,143.984,72660,34.5,575,32,18,29.25,19.5,"100.0,77.0;77.0,94.0;94.0,44.0;44.0,54.0;54.0,52.0;52.0,91.0;92.0,24.0;24.0,96.0;96.0",2018/6/2 5:13,3342.893375,-94.58110854,-21717.0;5200.0;-31194.0;2649.0;-3904.0;11839.0;-26586.0;20709.0;,0;0;0;0;0,-0.21433511,0.037997313,0.3131294,0.10576151,-0.040932387
26,143.984,73570,29.5,455,34,21,33,22,"96.0,51.0;51.0,86.0;86.0,70.0;71.0,95.0;95.0",2018/6/2 18:08,3374.789119,-282.5572002,-21980.0;10210.0;-12721.0;1437.0;,0;0;0;0;0,-0.24664645,0.13512205,0.117045246,0.026369568,-0.23802224
27,143.8466667,76540,33.33333333,986.6666667,32,20,30,21,"95.0,40.0;40.0,100.0;100.0,51.0;58.0,93.0;94.0,31.0;31.0,36.0;36.0",2018/6/4 1:28,3350.417862,-224.4531776,-20098.0;17759.0;-44689.0;2030.0;-25742.0;1510.0;,0;0;0;0;0,-0.118973486,-0.038189758,0.20705289,0.15530488,0.32635415
28,143.2751666,80620,26.75,497.5,34,21,31.5,22,"36.0,36.0;56.0,88.0;88.0,30.0;30.0,88.0;88.0,30.0;30.0,30.0;30.0,30.0;30.0,47.0;47.0",2018/6/5 23:50,3317.902107,-93.25929853,0.0;9569.0;-17449.0;17829.0;-21258.0;0.0;60.0;4750.0;,0;0;0;0;0,-0.12830865,0.025386816,-0.15798838,-0.48699826,-0.013607903
29,143.1368333,82850,18.6,446,34,18,30.4,20.6,"47.0,47.0;47.0,55.0;55.0,55.0;55.0,58.0;58.0,34.0;34.0,52.0;53.0,38.0;38.0,98.0;97.0,15.0;15.0,19.0;19.0",2018/6/7 1:54,3323.301939,-171.6672663,271.0;2390.0;10.0;970.0;-8861.0;1020.0;-7013.0;18489.0;-28247.0;1150.0;,0;0;0;0;0,-0.26136264,0.035563,0.2138359,-0.30463937,0.02031705
30,142,83420,39,190,35,21,33,21.66666667,"19.0,19.0;19.0,62.0;62.0,60.0;60.0,80.0;80.0,46.0;46.0,100.0;100.0",2018/6/7 15:12,3354.748785,-219.4259413,330.0;12490.0;-950.0;1210.0;-14318.0;17818.0;,0;0;0;0;0,-0.34300902,-0.066784866,-0.51780593,0.05792698,-0.51595163
31,144.0216667,85460,27.5,510,34,21,31.25,21.25,"99.0,26.0;26.0,26.0;26.0,26.0;26.0,74.0;74.0,74.0;74.0,78.0;78.0,37.0;37.0,95.0;95.0",2018/6/8 16:14,3326.963753,-87.85053697,-35364.0;70.0;151.0;14239.0;10.0;1377.0;-18733.0;17399.0;,0;0;0;0;0,-0.18248318,0.092532374,0.52107364,-0.115740426,-0.018819408
32,143.8245,86700,73,1240,31,22,31,22,"95.0,25.0;25.0,98.0;98.0",2018/6/9 5:48,3334.107367,-93.54623824,-27229.0;21541.0;,0;0;0;0;0,0.046537187,0.06244453,0.14461924,-0.86854804,1.0849375
33,143.8245,89990,37.75,782.5,31,20,30.75,21,"98.0,52.0;56.0,99.0;96.0,64.0;88.0,88.0;90.0,50.0;50.0,89.0;89.0,35.0;31.0,100.0;100.0",2018/6/10 16:24,3366.180375,-190.6910408,-18839.0;13509.0;-17579.0;0.0;-12763.0;11300.0;-17124.0;21269.0;,0;0;0;0;0,0.029471226,0.0676395,0.1282656,0.36485943,-0.007404138
34,143.615,91130,54,1140,31,21,31,21,"99.0,38.0;39.0,93.0;93.0",2018/6/11 5:03,3352.125,-89.02083333,-20954.0;16599.0;,0;0;0;0;0,0.12370226,-0.005034137,0.04300187,-0.13142504,0.6497381
35,142.8301667,92940,49,875,33,21,32,21,"93.0,44.0;42.0,98.0;99.0,40.0;40.0,82.0;82.0",2018/6/12 5:10,3347.746148,-90.77178999,-15060.0;16979.0;-31111.0;13159.0;,0;0;0;0;0,-0.14144972,-0.003869757,-0.4019275,0.058877442,0.5419344
36,144.03,94290,32.33333333,450,41,22,36.66666667,24,"82.0,46.0;46.0,64.0;65.0,21.0;21.0,50.0;50.0,46.0;47.0,97.0;97.0",2018/6/12 18:33,3352.737726,-337.285833,-7968.0;1080.0;-21904.0;9250.0;-4532.0;3110.0;,0;0;0;0;0,-0.26585302,-0.002629459,-0.24337168,0.19535112,0.09281017
37,144.03,96130,13.875,230,39,24,35.25,25,"97.0,38.0;38.0,38.0;38.0,38.0;38.0,46.0;46.0,46.0;46.0,59.0;59.0,60.0;60.0,61.0;61.0,61.0;61.0,92.0;92.0,92.0;92.0,94.0;94.0,50.0;50.0,70.0;70.0,60.0;60.0,96.0;96.0",2018/6/13 10:57,3345.555638,-183.929461,-22012.0;100.0;80.0;2400.0;80.0;3870.0;408.0;550.0;0.0;8990.0;10.0;607.0;-12692.0;1220.0;-3421.0;2189.0;,0;0;0;0;0,-0.12983106,-0.032697693,-0.17039782,-0.037977166,-0.038287185
38,144.03,98550,34.25,605,40,24,36,24,"96.0,31.0;31.0,52.0;52.0,29.0;29.0,44.0;44.0,44.0;44.0,78.0;78.0,26.0;27.0,94.0;94.0",2018/6/14 11:11,3343.596792,-278.2346502,-45033.0;1220.0;-6331.0;4219.0;10.0;9960.0;-15875.0;4060.0;,0;0;0;0;0,-0.25821102,0.015827654,-0.18360417,0.1824053,0.035460245
39,144.5221666,99850,20.33333333,430,37,23,34.33333333,24.33333333,"94.0,75.0;77.0,95.0;96.0,40.0;40.0,66.0;66.0,66.0;66.0,83.0;83.0",2018/6/15 4:38,3361.63066,-215.5896623,-28999.0;1070.0;-19345.0;7580.0;10.0;4959.0;,0;0;0;0;0,0.015834456,0.04168464,-0.22340935,0.005916914,0.3105272
40,144.5221666,103740,38.25,637.5,38,22,35.75,23,"54.0,36.0;36.0,70.0;91.0,54.0;56.0,66.0;92.0,43.0;43.0,80.0;62.0,18.0;22.0,94.0;94.0",2018/6/16 17:35,3356.471128,-373.2565189,-5240.0;2050.0;-11700.0;620.0;-14448.0;10967.0;-29312.0;4280.0;,0;0;0;0;0,-0.22704664,0.031907532,-0.15229034,0.36633527,0.09531136
41,144.5221666,105190,13.25,362.5,32,20,31.5,21.25,"94.0,18.0;18.0,18.0;18.0,18.0;18.0,22.0;22.0,22.0;22.0,22.0;22.0,22.0;22.0,71.0;71.0",2018/6/17 4:48,3266.256104,-95.32056141,-22580.0;70.0;40.0;991.0;2496.0;60.0;0.0;14070.0;,0;0;0;0;0,-0.11381303,0.08458079,0.13278751,0.38661003,0.33760467
42,144.5221666,107280,20.4,396,37,19,33.6,22.2,"83.0,82.0;89.0,96.0;96.0,47.0;48.0,78.0;78.0,48.0;48.0,52.0;52.0,52.0;53.0,92.0;92.0,78.0;78.0,100.0;100.0",2018/6/18 20:59,3371.036447,-316.3578819,-90.0;420.0;-67502.0;8840.0;-42454.0;1240.0;70.0;2387.0;-13417.0;1390.0;,0;0;0;0;0,-0.27132684,0.029787913,0.08817824,-0.09351494,0.27887225
43,144.5221666,109710,25.2,-21352,38,22,35.2,23.4,"100.0,59.0;59.0,75.0;78.0,76.0;77.0,96.0;96.0,0.0;28.0,30.0;30.0,19.0;20.0,60.0;60.0,41.0;50.0,99.0;99.0",2018/6/19 21:59,3345.721735,-319.4084119,-13911.0;12634.0;-910.0;1090.0;-20815.0;680.0;-19453.0;2330.0;-10130.0;2990.0;,0;0;0;0;0,-0.22577314,-0.010853946,-0.23221686,-0.6536855,-0.12278012
44,144.5221666,111690,35.5,990,33,20,33,21,"99.0,56.0;56.0,92.0;92.0,24.0;24.0,59.0;59.0",2018/6/20 10:35,3351.562279,-291.5542183,-15355.0;10539.0;-17358.0;1990.0;,0;0;0;0;0,-0.12274795,0.011379097,-0.25900188,0.32653758,0.33963704
45,142.55,113240,29,516.6666667,33,17,30.33333333,18.33333333,"60.0,42.0;42.0,54.0;54.0,46.0;48.0,99.0;99.0,41.0;41.0,65.0;65.0",2018/6/21 3:50,3360.56704,-361.3360263,-29456.0;650.0;-4463.0;2910.0;-15209.0;8035.0;,0;0;0;0;0,-0.24358995,0.044487264,0.25572708,-0.08754625,-0.07969885
46,142.55,114770,25.75,382.5,37,20,33.75,21.75,"65.0,65.0;65.0,80.0;80.0,78.0;78.0,96.0;96.0,17.0;18.0,67.0;67.0,55.0;55.0,76.0;76.0",2018/6/21 21:07,3373.269089,-374.5422881,0.0;4460.0;-835.0;1070.0;-47523.0;3040.0;-3305.0;1227.0;,0;0;0;0;0,-0.19426213,-0.01087655,-0.4436754,-0.5651028,0.18777165
47,142.55,117230,30.4,492,38,22,34.8,22.8,"76.0,75.0;76.0,96.0;96.0,44.0;44.0,52.0;52.0,52.0;52.0,88.0;88.0,57.0;57.0,87.0;87.0,27.0;28.0,86.0;86.0",2018/6/22 15:20,3361.391938,-317.4365885,-501.0;1256.0;-14965.0;2290.0;10.0;10720.0;-5547.0;1757.0;-24097.0;3480.0;,0;0;0;0;0,-0.31367657,-0.085622735,-0.33788902,-0.22781138,-0.43843463
48,142.55,118510,57,670,33,17,33,17,"86.0,41.0;43.0,100.0;100.0",2018/6/23 5:51,3375.845127,-136.8024032,-25840.0;25273.0;,0;0;0;0;0,-0.27846017,0.013695777,-0.5961161,-0.16859141,0.002521602
49,142.55,120440,34.66666667,643.3333333,36,19,33,20.33333333,"100.0,23.0;24.0,97.0;97.0,72.0;72.0,78.0;78.0,74.0;74.0,99.0;99.0",2018/6/23 22:17,3394.7793,-476.6687867,-20840.0;4320.0;-30261.0;340.0;-1571.0;1386.0;,0;0;0;0;0,-0.3703257,0.039271303,-0.64806217,0.08435266,0.121986635
50,143.37,121900,44,730,31,16,30,17.5,"99.0,60.0;60.0,94.0;94.0,46.0;46.0,100.0;100.0",2018/6/25 6:33,3369.24184,-223.174416,-14984.0;9906.0;-86618.0;4308.0;,0;0;0;0;0,-0.23044737,0.013017649,0.13496424,0.027305702,-0.05787056
51,143.0733334,123700,38.33333333,-40450,42,26,40.33333333,27,"99.0,0.0;16.0,47.0;47.0,47.0;48.0,95.0;96.0,58.0;59.0,96.0;96.0",2018/6/25 22:35,3352.208276,-305.1089794,-22416.0;8789.0;104.0;3409.0;-19474.0;2320.0;,0;0;0;0;0,-0.25117385,-0.04886966,-0.6407152,0.14625207,-0.033667285
52,140.2166666,125060,28.33333333,453.3333333,42,26,39.33333333,26.66666667,"96.0,70.0;70.0,79.0;79.0,79.0;79.0,100.0;100.0,34.0;35.0,90.0;90.0",2018/6/26 20:23,3363.523098,-213.4595607,-9160.0;2650.0;0.0;7130.0;-53156.0;3388.0;,0;0;0;0;0,-0.4484165,-0.2104291,-0.91437757,-0.78330857,-0.58657426
53,143.4475,144750,28.5,4825,37,21,35.5,24.75,"90.0,32.0;32.0,44.0;44.0,44.0;44.0,59.0;56.0,42.0;43.0,95.0;95.0,44.0;44.0,79.0;79.0",2018/7/6 4:47,3331.95687,-95.64574737,-16578.0;3680.0;0.0;4080.0;-234204.0;17881.0;-503589.0;10030.0;,0;0;0;0;0,-0.19289483,-0.002176535,-0.19665995,-0.4003664,0.11787902
54,142.9935,146360,51,805,40,19,36,21,"79.0,23.0;23.0,98.0;98.0,58.0;59.0,86.0;86.0",2018/7/7 9:51,3376.420738,-472.5198371,-19205.0;4508.0;-78902.0;1547.0;,0;0;0;0;0,-0.100667424,0.054262992,-0.6744121,-0.09662549,0.06930333
55,142.9935,155200,27.66666667,2946.666667,38,20,35.33333333,23,"86.0,63.0;64.0,98.0;98.0,56.0;56.0,71.0;71.0,64.0;64.0,98.0;98.0",2018/7/14 6:32,3371.364426,-347.8032641,-32082.0;1957.0;-547637.0;4289.0;-4602.0;1998.0;,0;0;0;0;0,-0.14753321,-0.003032375,-0.39156362,-0.32202697,0.2167294
56,142.84,157260,61,1030,43,26,43,26,"98.0,30.0;31.0,96.0;96.0,38.0;39.0,96.0;96.0",2018/7/15 1:32,3367.392273,-446.8992699,-44379.0;4033.0;-16171.0;3497.0;,0;0;0;0;0,-0.18255664,0.03502302,-0.87822914,-0.63964117,0.1831773
57,142.84,159180,38.33333333,640,41,24,39.66666667,25,"96.0,68.0;68.0,88.0;88.0,63.0;63.0,98.0;98.0,36.0;36.0,96.0;96.0",2018/7/15 22:10,3368.819505,-336.8262707,-7745.0;5670.0;-7220.0;2080.0;-46594.0;3628.0;,0;0;0;0;0,-0.25747365,-0.002792047,-0.8616115,0.15678707,0.055867977
58,142.7683333,160200,64,1020,42,25,42,25,"96.0,36.0;36.0,100.0;100.0",2018/7/16 3:35,3370.305128,-451.2564103,-15489.0;3887.0;,0;0;0;0;0,-0.27270302,0.027240194,-0.7611712,-0.7542766,0.29729152
59,143.7335,161740,95,1540,42,24,42,24,"100.0,0.0;0.0,95.0;95.0",2018/7/16 23:19,3362.715988,-432.2583007,-64184.0;6055.0;,0;0;0;0;0,-0.17604628,0.035150032,-0.67035687,-0.46323648,0.698597
60,143.726,164090,49,783.3333333,47,26,41.66666667,27,"100.0,58.0;58.0,94.0;94.0,64.0;65.0,96.0;96.0,20.0;20.0,100.0;100.0",2018/7/17 15:22,3369.180397,-326.4406397,-10279.0;10474.0;-9778.0;1848.0;-19686.0;5138.0;,0;0;0;0;0,-0.25031662,0.025695918,-0.5991243,0.15736173,0.07880247
61,143.0733334,165530,41,720,41,25,40.5,25.5,"100.0,43.0;44.0,94.0;94.0,66.0;67.0,99.0;99.0",2018/7/18 4:34,3386.243884,-457.8688253,-31884.0;3010.0;-9910.0;1880.0;,0;0;0;0;0,-0.25727656,0.00727253,-0.9009205,0.17531538,0.032373063
62,143.8328333,167400,54,930,42,25,42,26,"98.0,32.0;34.0,98.0;98.0,48.0;49.0,93.0;93.0",2018/7/18 23:27,3374.367106,-447.972314,-45333.0;3930.0;-13947.0;2692.0;,0;0;0;0;0,-0.20088632,0.021077171,-0.64981604,0.12547442,0.43646008
63,143.8328333,168810,44.5,705,41,24,40.5,25,"93.0,57.0;57.0,99.0;99.0,50.0;51.0,98.0;98.0",2018/7/19 23:11,3383.936323,-454.1739747,-11462.0;2540.0;-67179.0;2825.0;,0;0;0;0;0,-0.18389517,-0.005183917,-0.76563555,0.15623823,0.000336194
64,143.8328333,171210,27.25,600,44,25,41,26.25,"98.0,42.0;43.0,80.0;80.0,28.0;28.0,44.0;44.0,43.0;43.0,51.0;52.0,35.0;36.0,84.0;84.0",2018/7/20 9:17,3355.258451,-452.5424519,-15218.0;2219.0;-8990.0;945.0;-737.0;487.0;-4260.0;3030.0;,0;0;0;0;0,0.06779512,0.05567706,-0.45745128,-0.46068794,0.118135564
65,143.6276666,173020,61.5,905,41,22,41,23.5,"84.0,48.0;49.0,98.0;98.0,21.0;22.0,96.0;96.0",2018/7/21 6:35,3373.289641,-455.1535669,-31619.0;3010.0;-37237.0;4523.0;,0;0;0;0;0,-0.13340135,0.04467564,-0.60922986,-0.576115,0.4793995
66,143.6366666,173900,58,880,39,22,39,22,"96.0,39.0;40.0,98.0;98.0",2018/7/21 20:24,3377.146914,-459.8893074,-46090.0;3506.0;,0;0;0;0;0,-0.23477958,0.07908528,-0.4711711,0.030601585,0.6204891
67,143.6366666,176070,17.8,-34574,36,21,35.4,23.2,"98.0,0.0;35.0,38.0;38.0,38.0;38.0,38.0;38.0,38.0;38.0,87.0;87.0,85.0;85.0,98.0;98.0,33.0;33.0,57.0;57.0",2018/7/22 11:46,3339.403772,-241.1912948,-16855.0;990.0;10.0;4.0;79.0;13942.0;-792.0;780.0;-18404.0;1358.0;,0;0;0;0;0,-0.34528667,0.006901247,-0.31065077,-0.5221537,-0.23751889
68,143.52,177290,52,610,35,18,34.5,20,"57.0,40.0;40.0,98.0;98.0,48.0;48.0,94.0;94.0",2018/7/23 5:38,3364.453169,-287.6612452,-33217.0;3340.0;-14548.0;13170.0;,0;0;0;0;0,-0.1943378,0.033305332,-0.38432497,0.017909095,0.2563339
69,143.5993333,179480,44.33333333,730,42,22,39.66666667,23.33333333,"94.0,33.0;34.0,54.0;54.0,42.0;42.0,99.0;99.0,42.0;43.0,99.0;99.0",2018/7/24 2:25,3366.905845,-458.0768926,-44022.0;1181.0;-7027.0;3464.0;-15395.0;3398.0;,0;0;0;0;0,-0.053349435,0.03498935,-0.6537808,0.2530342,0.07866836
70,143.5993333,180920,29,480,42,25,39.66666667,25.66666667,"99.0,22.0;22.0,23.0;23.0,23.0;23.0,61.0;61.0,49.0;50.0,98.0;98.0",2018/7/24 21:06,3318.196636,-311.3004521,-33639.0;229.0;209.0;2675.0;-27286.0;3024.0;,0;0;0;0;0,-0.3927541,-0.09655519,-0.6671611,-0.6952569,-0.4820883
71,142.325,182330,36.5,705,41,25,40.5,25.5,"98.0,25.0;26.0,52.0;52.0,46.0;46.0,93.0;93.0",2018/7/25 6:52,3357.278333,-455.1661163,-19252.0;1614.0;-11184.0;2848.0;,0;0;0;0;0,-0.34471902,-0.006565729,-0.8908302,-0.12924735,-0.14548925
72,143.5508333,184190,42,620,45,26,43.33333333,27,"93.0,40.0;41.0,56.0;56.0,46.0;47.0,98.0;98.0,37.0;37.0,97.0;97.0",2018/7/26 1:28,3362.374488,-441.2289331,-12559.0;957.0;-29925.0;3179.0;-16176.0;3767.0;,0;0;0;0;0,-0.316365,0.007198404,-0.7981909,0.12710164,0.20189634
73,143.4968333,186300,40.66666667,703.3333333,44,24,43,27,"97.0,78.0;78.0,93.0;93.0,42.0;43.0,90.0;90.0,38.0;39.0,99.0;99.0",2018/7/26 19:55,3375.532827,-446.0295861,-5717.0;909.0;-16449.0;2927.0;-36397.0;3597.0;,0;0;0;0;0,-0.34465995,0.003770457,-0.8356841,0.24676073,0.03639002
74,143.3266667,187470,66,1170,43,25,43,25,"99.0,32.0;33.0,99.0;99.0",2018/7/27 2:29,3367.173697,-452.7841191,-17421.0;4020.0;,0;0;0;0;0,-0.24507561,0.034591746,-0.70361835,-0.58697516,0.50624585
75,143.4363334,189350,52,940,42,24,41.5,24.5,"98.0,42.0;43.0,96.0;96.0,36.0;36.0,87.0;87.0",2018/7/28 1:32,3365.999041,-454.6549725,-19753.0;3220.0;-54387.0;3056.0;,0;0;0;0;0,-0.21932471,0.003743644,-0.78382295,0.07912508,0.4227885
76,143.4363334,191020,40,835,46,26,44,28,"87.0,54.0;55.0,98.0;98.0,32.0;54.0,91.0;91.0",2018/7/28 9:44,3372.313673,-442.4015086,-10300.0;2597.0;-12486.0;2347.0;,0;0;0;0;0,-0.2957263,0.002928397,-0.87057745,0.25105628,0.11175149
77,143.4363334,193220,35,733.3333333,48,26,43.33333333,28,"91.0,40.0;40.0,90.0;90.0,58.0;59.0,99.0;99.0,33.0;34.0,49.0;49.0",2018/7/29 3:57,3357.598417,-440.3633924,-13725.0;3282.0;-26576.0;2540.0;-18222.0;950.0;,0;0;0;0;0,-0.5588284,0.3651811,-0.72818494,0.054912016,0.017805748
78,143.4363334,194880,35.66666667,553.3333333,44,25,42,26.66666667,"49.0,43.0;44.0,98.0;98.0,61.0;62.0,96.0;96.0,42.0;43.0,62.0;62.0",2018/7/29 23:23,3365.18886,-448.4365969,-1440.0;3340.0;-9647.0;2130.0;-51649.0;1111.0;,0;0;0;0;0,-0.5274985,-0.028902477,-0.67998296,0.11845174,0.30753174
79,143.4363334,196420,23,385,42,25,39.5,26.5,"62.0,35.0;35.0,46.0;46.0,46.0;47.0,76.0;76.0,73.0;73.0,95.0;95.0,31.0;32.0,62.0;62.0",2018/7/30 10:16,3338.740593,-269.5456499,-6393.0;3294.0;19.0;8319.0;-852.0;1386.0;-13444.0;1907.0;,0;0;0;0;0,-0.2465798,-0.039785907,-0.5868992,-0.06300498,0.34976843
80,143.372,197840,30,355,44,26,41.75,27.25,"62.0,43.0;44.0,66.0;66.0,40.0;41.0,99.0;99.0,60.0;60.0,60.0;60.0,60.0;60.0,100.0;100.0",2018/7/31 5:25,3342.232384,-266.7248928,-17146.0;1438.0;-20581.0;3604.0;-11071.0;82.0;78.0;14452.0;,0;0;0;0;0,-0.30788857,-0.042005103,-0.6540982,0.056351963,0.2910688
81,143.372,199840,33.33333333,666.6666667,42,22,38.33333333,23.66666667,"100.0,51.0;53.0,98.0;98.0,38.0;38.0,54.0;54.0,47.0;47.0,86.0;86.0",2018/8/1 6:34,3358.579999,-334.7111756,-9809.0;2780.0;-58949.0;4585.0;-11461.0;2302.0;,0;0;0;0;0,-0.2581834,-0.01145391,-0.69728005,0.1592706,-0.079854906
82,143.156,201480,53,820,42,24,42,24.5,"86.0,41.0;42.0,94.0;94.0,29.0;29.0,83.0;83.0",2018/8/2 0:14,3367.899735,-450.5294323,-12769.0;3186.0;-44168.0;3293.0;,0;0;0;0;0,-0.2053548,0.0645004,-0.6986559,-0.096611984,0.04437345
83,142.1583334,202620,27.33333333,-66850,43,26,40.66666667,26.33333333,"83.0,0.0;71.0,84.0;84.0,84.0;84.0,100.0;100.0,42.0;43.0,96.0;96.0",2018/8/2 9:35,3369.999741,-211.6956987,-4346.0;3790.0;10.0;4839.0;-16794.0;3220.0;,0;0;0;0;0,-0.25253794,-0.044763535,-0.436672,-0.65459234,-0.32119247
84,143.3056667,204350,33,576.6666667,44,22,37,24.33333333,"96.0,47.0;48.0,100.0;100.0,40.0;40.0,42.0;42.0,42.0;43.0,88.0;88.0",2018/8/3 5:45,3342.310808,-203.7549352,-12886.0;3410.0;-42262.0;600.0;10.0;13049.0;,0;0;0;0;0,-0.3275355,-0.01193536,-0.69091815,0.103093825,0.048057705
85,143.3608333,206300,42.66666667,650,39,20,36.66666667,20.66666667,"88.0,86.0;86.0,98.0;98.0,35.0;35.0,99.0;99.0,46.0;47.0,99.0;99.0",2018/8/3 22:13,3394.069474,-465.9628553,-984.0;770.0;-18683.0;3771.0;-31798.0;2970.0;,0;0;0;0;0,-0.40816686,0.04175381,-0.8565981,-0.1754042,0.11022678
86,143.3608333,207870,19.5,392.5,39,23,38.5,24.5,"99.0,38.0;39.0,69.0;69.0,68.0;68.0,73.0;73.0,70.0;70.0,91.0;91.0,58.0;58.0,80.0;80.0",2018/8/4 8:37,3368.588633,-368.4590927,-12997.0;1820.0;-1033.0;1340.0;-10032.0;1290.0;-7348.0;1275.0;,0;0;0;0;0,-0.16002892,-0.004475649,-0.37987402,-0.06645444,0.31560683
87,143.3608333,209350,28.66666667,493.3333333,40,19,38,22.33333333,"80.0,55.0;56.0,98.0;98.0,72.0;72.0,98.0;98.0,50.0;50.0,68.0;68.0",2018/8/6 16:34,3383.344354,-460.7210857,-39627.0;2533.0;-135766.0;1512.0;-20415.0;1108.0;,0;0;0;0;0,-0.24560007,0.05456762,-0.35371992,-0.09101377,0.04115362
88,143.2365,210440,48,545,43,26,43,26.5,"68.0,53.0;53.0,98.0;98.0,46.0;47.0,98.0;98.0",2018/8/6 23:44,3376.574719,-442.3925633,-6423.0;2788.0;-13197.0;3192.0;,0;0;0;0;0,-0.044803046,0.010003744,-0.5889837,0.11412871,-0.62334776
89,143.2188334,212780,46.66666667,780,42,24,40.66666667,24.66666667,"98.0,59.0;59.0,98.0;98.0,45.0;46.0,98.0;98.0,50.0;50.0,99.0;99.0",2018/8/8 1:03,3368.083891,-329.9286153,-9875.0;11236.0;-14532.0;3142.0;-49066.0;3040.0;,0;0;0;0;0,-0.26804683,0.02028791,-0.78758645,0.15988845,0.044459786
90,142.6183333,214680,57,950,42,23,41.5,23.5,"99.0,40.0;40.0,93.0;93.0,37.0;38.0,99.0;99.0",2018/8/8 20:57,3372.151275,-452.1366543,-16552.0;3210.0;-47130.0;3710.0;,0;0;0;0;0,-0.2816321,-0.020549653,-0.94194525,-0.053124897,0.11560311
91,142.6183333,216360,23.5,420,43,25,39,25.5,"99.0,55.0;55.0,72.0;72.0,72.0;72.0,96.0;96.0,96.0;96.0,100.0;100.0,41.0;44.0,93.0;93.0",2018/8/9 9:20,3361.111894,-182.5949965,-14373.0;4926.0;22.0;7070.0;17.0;2078.0;-12548.0;3019.0;,0;0;0;0;0,-0.20785289,0.002023175,-0.61079717,-0.20975353,0.32638
92,142.6183333,217660,26.5,650,42,26,40.5,26.5,"93.0,50.0;50.0,98.0;98.0,52.0;52.0,57.0;57.0",2018/8/10 1:28,3346.866623,-271.8209442,-40745.0;2905.0;-12959.0;1370.0;,0;0;0;0;0,-0.2593214,-0.007170349,-0.6043886,-0.79877144,-0.001318524
93,143.0203333,218620,25,240,43,25,39.75,26,"57.0,57.0;57.0,58.0;58.0,58.0;58.0,76.0;76.0,76.0;76.0,95.0;95.0,35.0;35.0,97.0;97.0",2018/8/10 21:21,3351.08636,-181.2844871,0.0;366.0;22.0;5178.0;19.0;5580.0;-54058.0;3848.0;,0;0;0;0;0,-0.22762795,-0.023925658,-0.423512,-0.5695153,0.12527399
94,143.0203333,220450,26.25,-54457.5,44,26,42.5,27.5,"97.0,39.0;40.0,75.0;75.0,0.0;70.0,74.0;74.0,74.0;74.0,97.0;97.0,51.0;52.0,95.0;95.0",2018/8/11 9:02,3361.619749,-263.1970421,-12511.0;2183.0;-2328.0;1083.0;18.0;6760.0;-9857.0;2776.0;,0;0;0;0;0,-0.19154194,-0.034352887,-0.4429343,-0.58599365,0.08241019
95,143.0203333,222440,42.66666667,663.3333333,45,25,42.33333333,26.66666667,"95.0,48.0;49.0,93.0;93.0,54.0;56.0,96.0;96.0,53.0;54.0,98.0;98.0",2018/8/12 5:52,3378.951084,-445.8870853,-12706.0;2772.0;-36987.0;2408.0;-16726.0;2642.0;,0;0;0;0;0,-0.2617626,0.005062613,-0.8588338,-0.09073614,-0.014515019
96,142.95,224280,35,920,42,19,37,22,"98.0,46.0;47.0,98.0;98.0,33.0;33.0,52.0;52.0",2018/8/13 7:44,3365.707788,-467.8386459,-11236.0;3050.0;-77503.0;1091.0;,0;0;0;0;0,-0.28328803,-0.007774913,-0.8122339,-0.027591215,0.20797381
97,142.95,225950,46.33333333,556.6666667,42,21,40.33333333,23.33333333,"52.0,36.0;36.0,88.0;88.0,28.0;29.0,63.0;63.0,33.0;33.0,86.0;86.0",2018/8/13 22:46,3361.514988,-456.8975087,-6547.0;3082.0;-12806.0;2082.0;-25906.0;3190.0;,0;0;0;0;0,-0.27592492,0.033209752,-0.56044817,0.12254057,-0.03640814
98,142.95,226960,35.5,505,43,25,42.5,26,"86.0,35.0;36.0,78.0;78.0,69.0;70.0,99.0;99.0",2018/8/14 4:18,3377.556437,-450.9024896,-10400.0;2562.0;-4846.0;1723.0;,0;0;0;0;0,-0.30049738,-0.12534016,-0.72383964,0.031873524,-0.27359474
99,142.95,229320,42,786.6666667,43,24,39.33333333,24.33333333,"99.0,43.0;44.0,99.0;99.0,32.0;46.0,64.0;64.0,46.0;46.0,99.0;99.0",2018/8/15 5:26,3359.323859,-334.5071629,-12038.0;3358.0;-51145.0;1133.0;-6368.0;15385.0;,0;0;0;0;0,-0.3240909,0.010651811,-0.87612385,0.06333926,0.0337683
100,142.95,231000,36.5,840,40,23,39,23.5,"99.0,52.0;53.0,99.0;99.0,45.0;46.0,73.0;73.0",2018/8/15 22:11,3371.39658,-458.0340815,-12751.0;2738.0;-42817.0;1630.0;,0;0;0;0;0,-0.29737985,0.08780686,-0.6141137,-0.006878347,-0.4352609
101,142.931,232720,57.5,860,43,19,39,21.5,"73.0,23.0;23.0,99.0;99.0,56.0;57.0,96.0;96.0",2018/8/16 20:28,3375.042871,-465.2262488,-14276.0;4617.0;-58925.0;2230.0;,0;0;0;0;0,-0.20521374,0.14487742,-0.8446952,0.028575541,-0.2970612
102,142.931,234810,41,696.6666667,39,20,36.66666667,20,"96.0,42.0;55.0,99.0;99.0,47.0;47.0,68.0;68.0,37.0;38.0,96.0;96.0",2018/8/17 11:10,3371.160803,-467.0063971,-17282.0;2530.0;-19564.0;1270.0;-7671.0;3463.0;,0;0;0;0;0,-0.28454223,0.06083758,-0.71694875,0.22314687,0.08807678
103,142.3716667,235910,66,1100,38,20,38,20,"96.0,32.0;33.0,99.0;99.0",2018/8/17 21:32,3374.905325,-467.443787,-33309.0;3860.0;,0;0;0;0;0,-0.39343435,-0.036249883,-0.75957954,-0.74432164,0.6884953
104,142.8826667,238030,40,670,37,20,36,21.33333333,"99.0,57.0;57.0,85.0;85.0,45.0;46.0,82.0;82.0,43.0;44.0,100.0;100.0",2018/8/19 4:17,3360.439695,-223.3164287,-13352.0;7991.0;-58224.0;2123.0;-13257.0;15448.0;,0;0;0;0;0,-0.26436695,0.057365008,-0.74464643,0.24462964,0.05258547
105,142.8826667,239750,32,860,38,22,37.5,22.5,"100.0,63.0;63.0,96.0;96.0,30.0;31.0,62.0;62.0",2018/8/19 21:52,3371.917101,-462.9035027,-15627.0;1920.0;-43718.0;1871.0;,0;0;0;0;0,-0.23881225,0.16770646,-0.48307216,0.06853469,-0.39629897
106,142.9306667,240940,26,297.5,40,23,36.5,23,"62.0,36.0;36.0,44.0;44.0,44.0;44.0,52.0;52.0,52.0;52.0,92.0;92.0,48.0;48.0,96.0;96.0",2018/8/20 9:53,3343.339887,-185.2980184,-10738.0;2296.0;6.0;2318.0;19.0;11676.0;-12468.0;2882.0;,0;0;0;0;0,-0.112467185,0.006434879,-0.40499285,-0.6875984,-0.2223148
107,142.7216666,242890,40,650,40,19,37.66666667,21.33333333,"96.0,58.0;58.0,86.0;86.0,40.0;41.0,93.0;93.0,58.0;58.0,98.0;98.0",2018/8/21 17:23,3383.698395,-466.003653,-40920.0;1675.0;-15974.0;3074.0;-49126.0;2292.0;,0;0;0;0;0,-0.30284843,0.008498654,-0.8818123,0.11160162,0.08254427
108,141.9281666,244400,42.5,755,39,22,38.5,22.5,"98.0,40.0;40.0,99.0;99.0,72.0;72.0,98.0;98.0",2018/8/22 4:40,3389.434481,-460.8809091,-22229.0;3491.0;-13307.0;1541.0;,0;0;0;0;0,-0.4076791,0.0400771,-0.8747935,-0.10964071,-0.063499935
109,141.9281666,246870,40,823.3333333,40,22,38.33333333,22.33333333,"98.0,46.0;46.0,96.0;96.0,69.0;69.0,98.0;98.0,29.0;29.0,70.0;70.0",2018/8/23 2:50,3376.032166,-461.3826865,-14118.0;2980.0;-40751.0;1696.0;-17655.0;2420.0;,0;0;0;0;0,-0.25551602,0.019988397,-0.80396336,0.13931432,0.13301688
110,141.9281666,248110,16.6,-49374,39,22,36,22.8,"70.0,69.0;69.0,96.0;96.0,70.0;70.0,98.0;98.0,48.0;48.0,48.0;48.0,48.0;48.0,56.0;56.0,0.0;56.0,76.0;76.0",2018/8/24 2:31,3341.009064,-168.6372691,-914.0;7815.0;-50805.0;1634.0;-13536.0;126.0;45.0;2028.0;-640.0;5932.0;,0;0;0;0;0,-0.2799726,0.003371854,-0.64034677,-0.5018529,-0.33053318
111,142.6921667,252020,16.85714286,381.4285714,37,19,36,22.85714286,"76.0,76.0;76.0,98.0;98.0,34.0;58.0,63.0;63.0,63.0;63.0,66.0;66.0,66.0;66.0,67.0;67.0,67.0;67.0,78.0;78.0,78.0;78.0,99.0;99.0,42.0;43.0,98.0;98.0",2018/8/25 21:04,3347.43036,-149.0044897,17.0;6454.0;-16126.0;1413.0;18.0;756.0;19.0;154.0;19.0;3267.0;621.0;6135.0;-53995.0;3163.0;,0;0;0;0;0,-0.27310663,0.058634248,-0.544257,-0.17196754,0.21983804
112,142.7323333,253820,49.5,900,39,21,38.5,21.5,"98.0,36.0;37.0,99.0;99.0,61.0;62.0,99.0;99.0",2018/8/26 8:03,3381.443957,-466.0802754,-18838.0;3643.0;-14406.0;2180.0;,0;0;0;0;0,-0.3899675,-0.032292835,-0.7802644,0.18539743,0.32497683
113,142.7323333,255720,52,945,39,19,37.5,20,"98.0,50.0;50.0,99.0;99.0,38.0;40.0,95.0;95.0",2018/8/27 3:48,3377.10684,-468.1779379,-46421.0;2832.0;-17619.0;3270.0;,0;0;0;0;0,-0.31984,-0.042923544,-0.75705236,0.064589165,0.35760218
114,142.5883333,257090,39.5,685,42,23,40.5,23.5,"95.0,45.0;46.0,71.0;71.0,44.0;44.0,98.0;98.0",2018/8/27 10:56,3363.826654,-454.9401181,-11499.0;1503.0;-8882.0;3292.0;,0;0;0;0;0,-0.29754794,0.008481668,-0.88114244,0.06373763,-0.008758355
115,142.123,258630,48.5,770,36,21,35.5,21,"98.0,44.0;44.0,84.0;84.0,42.0;43.0,100.0;100.0",2018/8/28 13:49,3341.294702,-94.56656764,-12963.0;11484.0;-23744.0;18690.0;,0;0;0;0;0,-0.32970083,-0.00101248,-0.84348,-0.012605169,-0.0517541
116,142.673,260930,67.5,1150,42,22,41.5,22.5,"100.0,31.0;32.0,99.0;99.0,31.0;31.0,99.0;99.0",2018/8/30 3:42,3374.156554,-455.6393547,-108677.0;4029.0;-19141.0;4072.0;,0;0;0;0;0,-0.31406975,0.019605406,-0.6925569,-0.76720595,0.6757986
117,142.673,272430,26.33333333,3833.333333,39,21,37.33333333,22.33333333,"99.0,57.0;57.0,70.0;70.0,32.0;32.0,60.0;60.0,50.0;50.0,88.0;88.0",2018/9/5 6:19,3341.031347,-218.3951148,-14948.0;3808.0;-495366.0;8109.0;-3360.0;2209.0;,0;0;0;0;0,-0.10194175,-0.05527975,-0.6026141,-0.81922907,0.15157114
118,142.673,273660,43.5,615,41,22,40,22.5,"88.0,32.0;32.0,71.0;71.0,50.0;51.0,99.0;99.0",2018/9/5 21:30,3370.814875,-458.3232358,-17710.0;2297.0;-31128.0;2831.0;,0;0;0;0;0,-0.06986516,0.034390323,-0.7247322,0.15690398,0.23041312
119,142.0586666,275370,47,855,38,22,37.5,22,"99.0,60.0;61.0,99.0;99.0,44.0;44.0,100.0;100.0",2018/9/6 13:33,3370.001494,-276.0569685,-18752.0;2230.0;-19012.0;17632.0;,0;0;0;0;0,-0.2631258,0.1316153,-0.6669087,0.024466706,-0.5173086
120,142.0586666,277420,38,683.3333333,39,21,38,22,"100.0,56.0;57.0,90.0;90.0,50.0;51.0,99.0;99.0,64.0;65.0,98.0;98.0",2018/9/7 7:21,3385.194416,-437.0445417,-33204.0;2379.0;-12055.0;2810.0;-11251.0;1898.0;,0;0;0;0;0,-0.36226395,0.012762013,-0.82246524,0.1557724,-0.04041292
121,142.3586666,279120,32.66666667,566.6666667,36,18,35,19,"98.0,81.0;81.0,100.0;100.0,69.0;69.0,98.0;98.0,37.0;38.0,88.0;88.0",2018/9/8 0:14,3380.68537,-348.0321461,-6798.0;5380.0;-12923.0;1635.0;-30777.0;2969.0;,0;0;0;0;0,-0.30095115,0.07142918,-0.65758145,0.082920805,-0.052365422
122,142.3586666,280710,33.33333333,530,37,14,32.33333333,17.66666667,"88.0,62.0;62.0,96.0;96.0,51.0;52.0,98.0;98.0,80.0;80.0,100.0;100.0",2018/9/9 7:48,3373.373533,-218.5372095,-8663.0;9842.0;-9727.0;2678.0;-76173.0;6368.0;,0;0;0;0;0,-0.24690403,0.012701768,-0.5000049,0.073381275,-0.5396371
123,142.4,282930,33.66666667,740,32,16,30.66666667,18,"100.0,77.0;78.0,97.0;97.0,40.0;40.0,98.0;98.0,60.0;60.0,84.0;84.0",2018/9/11 9:30,3368.102118,-226.761189,-125342.0;1077.0;-19637.0;16643.0;-8981.0;7075.0;,0;0;0;0;0,0.019989194,0.13850659,-0.006908218,0.20002915,-0.004265032
124,142.4,284560,15.28571429,232.8571429,35,18,31.14285714,18.14285714,"84.0,84.0;84.0,100.0;100.0,50.0;50.0,56.0;56.0,56.0;56.0,75.0;75.0,75.0;75.0,93.0;93.0,93.0;93.0,96.0;96.0,96.0;97.0,99.0;99.0,55.0;56.0,99.0;99.0",2018/9/12 8:50,3364.228886,-148.3164795,18.0;5121.0;-34529.0;1712.0;19.0;5407.0;416.0;5213.0;18.0;1016.0;14.0;783.0;-11912.0;2483.0;,0;0;0;0;0,-0.08871799,0.027140556,0.08313336,-0.37309098,-0.107898355
125,142.4,285900,25.33333333,446.6666667,37,18,33.33333333,19.33333333,"99.0,65.0;65.0,99.0;99.0,79.0;79.0,98.0;98.0,77.0;77.0,100.0;100.0",2018/9/13 2:11,3390.063362,-346.0251479,-10685.0;1968.0;-29076.0;1069.0;-7309.0;7265.0;,0;0;0;0;0,-0.22222713,0.052543666,-0.45857936,-0.635052,-0.09045605
126,142.4,287550,34,550,33,17,32.66666667,18.33333333,"100.0,60.0;60.0,78.0;78.0,54.0;55.0,93.0;93.0,54.0;54.0,100.0;100.0",2018/9/14 4:18,3362.24623,-224.8932759,-28929.0;5076.0;-30535.0;2168.0;-10483.0;13540.0;,0;0;0;0;0,0.17073426,0.018895064,-0.22633904,0.13505234,-0.93511057
127,142.4068333,289250,14.42857143,242.8571429,35,17,32.14285714,18.85714286,"100.0,43.0;43.0,97.0;97.0,50.0;51.0,52.0;52.0,52.0;52.0,53.0;53.0,53.0;53.0,53.0;53.0,53.0;53.0,53.0;53.0,53.0;53.0,53.0;53.0,46.0;48.0,93.0;93.0",2018/9/15 7:47,3324.866221,-137.4187069,-21772.0;15394.0;-33079.0;658.0;59.0;46.0;77.0;69.0;7.0;63.0;26.0;107.0;-21737.0;2618.0;,0;0;0;0;0,-0.2214921,0.051848426,-0.3149534,-0.34803602,-0.151137
128,142.2771667,291170,33.75,480,41,22,37.25,22.25,"93.0,39.0;39.0,55.0;55.0,32.0;32.0,48.0;48.0,37.0;38.0,99.0;99.0,58.0;58.0,100.0;100.0",2018/9/16 4:39,3341.432532,-183.4164744,-15972.0;4838.0;-13729.0;4491.0;-5061.0;3634.0;-9180.0;12993.0;,0;0;0;0;0,-0.20663458,-0.07969644,-0.4395382,0.1009929,-0.3690353
129,142.2771667,292520,41.5,675,39,21,38.5,21.5,"100.0,56.0;56.0,99.0;99.0,47.0;48.0,88.0;88.0",2018/9/16 20:32,3380.205662,-456.5912909,-20126.0;2620.0;-31839.0;2438.0;,0;0;0;0;0,-0.32143605,0.007544187,-0.7872998,0.03416295,0.004753533
130,141.2,294240,44.5,860,37,19,35,20.5,"88.0,36.0;36.0,100.0;100.0,45.0;45.0,70.0;70.0",2018/9/17 13:25,3336.095795,-91.97752867,-10887.0;18401.0;-23720.0;7760.0;,0;0;0;0;0,-0.55973774,0.12260439,-0.83662343,-0.09844219,-0.7318865
131,141.2,295890,44.66666667,550,36,18,34.66666667,19.66666667,"70.0,60.0;60.0,99.0;99.0,63.0;64.0,100.0;100.0,41.0;41.0,100.0;100.0",2018/9/18 16:45,3367.903437,-221.1737391,-24609.0;2167.0;-10786.0;10464.0;-30590.0;18973.0;,0;0;0;0;0,0.096888855,0.003380274,-0.7347193,-0.08973734,-1.0739821
132,142.013,296940,60,1050,38,23,38,23,"100.0,28.0;28.0,88.0;88.0",2018/9/19 16:12,3333.658399,-89.84347243,-66259.0;18189.0;,0;0;0;0;0,-0.3638099,-0.09919431,-0.67384857,-0.30786675,0.08786356
133,142.169,298660,24.5,430,40,21,35.75,21.25,"88.0,30.0;30.0,31.0;44.0,43.0;43.0,51.0;51.0,51.0;51.0,88.0;88.0,44.0;45.0,97.0;97.0",2018/9/20 10:18,3330.576104,-185.7102032,-28432.0;230.0;-1692.0;2292.0;19.0;10699.0;-12803.0;3105.0;,0;0;0;0;0,-0.1795381,-0.004834478,-0.5101686,-0.6059808,0.15911348
134,142.169,300470,25.25,442.5,41,20,37.5,21.25,"97.0,42.0;42.0,98.0;98.0,83.0;83.0,89.0;89.0,78.0;77.0,99.0;99.0,65.0;66.0,83.0;83.0",2018/9/21 0:43,3370.748149,-279.5627895,-16273.0;3321.0;-5652.0;1588.0;-5790.0;1249.0;-11940.0;5039.0;,0;0;0;0;0,-0.14534344,0.028943684,-0.6145828,-0.6556847,-0.07191615
135,142.169,302090,38.33333333,540,35,16,32.66666667,17.33333333,"83.0,83.0;83.0,93.0;93.0,40.0;41.0,98.0;98.0,52.0;52.0,100.0;100.0",2018/9/22 4:05,3368.234816,-223.7330235,20547.0;3029.0;-45298.0;3212.0;-11328.0;14691.0;,0;0;0;0;0,0.030198364,-0.10766469,-0.26250148,0.17554033,-1.0336087
136,142.169,303690,20.25,400,36,14,30.5,16.5,"100.0,55.0;56.0,86.0;86.0,70.0;70.0,70.0;70.0,0.0;59.0,100.0;100.0,89.0;90.0,100.0;100.0",2018/9/24 11:35,3355.800883,-183.8180611,-15213.0;1725.0;-29881.0;19.0;-117576.0;11837.0;-9413.0;2994.0;,0;0;0;0;0,-0.27285305,-0.014648967,-0.040928863,-0.09921586,0.4791721
137,142.169,306560,28,605,35,16,33.75,18.5,"100.0,31.0;32.0,95.0;95.0,55.0;88.0,100.0;100.0,69.0;69.0,86.0;86.0,79.0;79.0,99.0;99.0",2018/9/25 20:27,3380.444321,-287.5108604,-49866.0;3550.0;-18812.0;3525.0;-18963.0;5117.0;-3107.0;1090.0;,0;0;0;0;0,-0.33546525,0.04347858,-0.52503854,-0.1976201,0.005016146
138,142.169,309200,36.75,660,37,16,31.25,16.75,"99.0,60.0;60.0,100.0;100.0,71.0;71.0,100.0;100.0,88.0;88.0,100.0;100.0,32.0;33.0,99.0;99.0",2018/9/27 1:30,3367.729124,-186.5816454,-12694.0;11925.0;-20090.0;8800.0;-21589.0;3591.0;-21387.0;3759.0;,0;0;0;0;0,-0.3267651,0.000171836,-0.16041715,0.04270657,-0.1503982
139,142.169,311210,23.33333333,470,37,20,35.33333333,20.33333333,"99.0,88.0;83.0,93.0;93.0,30.0;30.0,60.0;60.0,52.0;52.0,82.0;82.0",2018/9/27 19:32,3365.901883,-342.9948232,-17112.0;612.0;-20891.0;8802.0;-1870.0;1756.0;,0;0;0;0;0,-0.16489995,0.057756465,-0.6816232,-0.26646242,-0.28423163
140,142.075,312600,24.33333333,463.3333333,41,21,38.66666667,21.33333333,"82.0,36.0;36.0,99.0;99.0,76.0;76.0,80.0;80.0,80.0;80.0,86.0;86.0",2018/9/28 1:43,3359.775345,-216.1823753,-6556.0;3713.0;-7089.0;1287.0;1813.0;1756.0;,0;0;0;0;0,-0.1344958,0.039655916,-0.65041924,-0.62264633,-0.29880184
141,142.075,315570,29,742.5,36,18,33.5,19,"86.0,86.0;86.0,100.0;100.0,49.0;49.0,98.0;98.0,26.0;26.0,40.0;40.0,40.0;40.0,79.0;79.0",2018/9/29 5:32,3340.500774,-94.36905471,3725.0;4083.0;-45820.0;14469.0;-16742.0;3716.0;179.0;11428.0;,0;0;0;0;0,-0.25887197,0.07495366,-0.6083584,-0.16059433,-0.002741956
142,142.075,316610,42,520,36,18,34.5,19,"79.0,54.0;54.0,99.0;99.0,61.0;61.0,100.0;100.0",2018/9/29 14:43,3374.106636,-287.4103026,-4998.0;2556.0;-13955.0;11573.0;,0;0;0;0;0,-0.31460643,0.035449646,-0.64978725,0.04367084,-0.2452712
143,141.8871667,319080,32.66666667,823.3333333,35,15,31.33333333,16,"100.0,60.0;60.0,100.0;100.0,56.0;56.0,76.0;76.0,45.0;45.0,83.0;83.0",2018/9/30 22:10,3365.701543,-309.4952341,-31919.0;11866.0;-23620.0;1509.0;-42105.0;2172.0;,0;0;0;0;0,-0.2635296,0.09694681,-0.020448985,0.18536225,0.11898814
144,141.8691667,323660,31.75,1145,37,15,35,17.75,"83.0,81.0;82.0,100.0;100.0,38.0;39.0,99.0;99.0,85.0;85.0,100.0;100.0,64.0;64.0,98.0;98.0",2018/10/2 10:03,3379.290999,-288.60149,-65515.0;5585.0;-19176.0;3448.0;-2800.0;4341.0;-25082.0;1868.0;,0;0;0;0;0,-0.45331788,-0.042477828,-0.76569235,-0.13692093,0.1008762
145,141.8691667,325530,36.33333333,623.3333333,33,13,31.33333333,15.66666667,"98.0,66.0;66.0,100.0;100.0,45.0;45.0,71.0;71.0,49.0;49.0,98.0;98.0",2018/10/3 7:33,3359.894103,-229.5107113,-7358.0;9758.0;-31867.0;7443.0;-18287.0;2682.0;,0;0;0;0;0,-0.36785728,0.05076421,-0.53955054,0.022785973,0.114499636
146,141.7616666,327080,29.66666667,516.6666667,34,15,31.33333333,15.66666667,"98.0,46.0;46.0,97.0;97.0,57.0;57.0,61.0;61.0,61.0;61.0,95.0;95.0",2018/10/4 2:54,3351.580393,-226.1740018,-40670.0;2827.0;-15045.0;1126.0;182.0;9832.0;,0;0;0;0;0,-0.22628844,-0.03348601,-0.18424973,0.06499006,-0.038637433
147,140.8,333750,23.25,1667.5,32,15,30,15.75,"95.0,95.0;95.0,100.0;100.0,37.0;37.0,83.0;83.0,78.0;78.0,100.0;100.0,50.0;50.0,70.0;70.0",2018/10/7 23:32,3365.952386,-193.0540177,396.0;1596.0;-25360.0;13042.0;-28349.0;6415.0;-257212.0;1090.0;,0;0;0;0;0,0.23161888,0.092245795,-0.06125258,-0.87811726,0.11219231
148,140.8,335260,32.33333333,503.3333333,33,15,32.33333333,17,"70.0,63.0;63.0,98.0;98.0,51.0;51.0,97.0;97.0,55.0;55.0,71.0;71.0",2018/10/8 16:06,3352.344257,-173.756893,-1543.0;10144.0;-28325.0;3804.0;-11239.0;4544.0;,0;0;0;0;0,-0.1881521,0.100343674,0.006615408,0.104439154,0.0753543
149,141.6438334,337290,23.6,406,33,15,30.4,15.4,"0.0,68.0;68.0,70.0;70.0,70.0;70.0,73.0;73.0,73.0;73.0,99.0;99.0,46.0;46.0,92.0;92.0,59.0;59.0,100.0;100.0",2018/10/9 18:09,3354.831363,-171.9273157,9574.0;566.0;365.0;1104.0;160.0;7530.0;-31771.0;2574.0;-9711.0;12590.0;,0;0;0;0;0,-0.124741055,-0.06441695,0.011021828,-0.29908785,0.5042592
150,141.6438334,339110,36,606.6666667,33,12,29.66666667,13.66666667,"100.0,68.0;68.0,100.0;100.0,33.0;33.0,54.0;54.0,41.0;41.0,96.0;96.0",2018/10/10 14:29,3370.615935,-361.8743651,-19187.0;8786.0;-36617.0;1115.0;-4375.0;3110.0;,0;0;0;0;0,-0.18458517,0.037781462,-0.016365852,0.16381276,0.004332208
151,140.9548333,341210,35,1050,32,12,29,14.5,"96.0,80.0;80.0,98.0;98.0,48.0;48.0,100.0;100.0",2018/10/11 16:09,3385.060114,-289.3047478,-7929.0;1063.0;-67804.0;15589.0;,0;0;0;0;0,-0.14772756,0.022059282,-0.07039609,0.17797376,0.4102055
152,140.9548333,343390,22.5,363.3333333,30,5,24.33333333,9.666666667,"100.0,46.0;46.0,50.0;50.0,50.0;50.0,70.0;70.0,70.0;70.0,76.0;76.0,76.0;76.0,100.0;100.0,30.0;30.0,52.0;52.0,39.0;39.0,98.0;98.0",2018/10/20 17:06,3350.884854,-159.8482274,-28723.0;1144.0;195.0;5517.0;1211.0;1892.0;3084.0;6840.0;-703974.0;7082.0;-18119.0;3217.0;,0;0;0;0;0,0.16946536,0.25170705,0.797223,0.051410317,0.7141913
153,140.944,344460,61,1070,26,12,26,12,"98.0,35.0;35.0,96.0;96.0",2018/10/21 4:51,3346.696904,-95.99367941,-25229.0;17090.0;,0;0;0;0;0,0.2037607,0.057420675,0.3102674,-0.74008965,1.6378224
154,141.5231666,346610,60,1075,35,12,34,13,"96.0,38.0;38.0,98.0;98.0,38.0;38.0,98.0;98.0",2018/10/21 19:00,3392.548229,-485.5790742,-20145.0;3425.0;-23981.0;3391.0;,0;0;0;0;0,-0.355082,0.055129226,-0.8373779,-0.20097324,0.65507185
155,140.5411667,348300,53,845,30,10,28.5,11,"98.0,48.0;48.0,99.0;100.0,43.0;43.0,98.0;98.0",2018/10/22 11:30,3375.955019,-302.6977015,-17342.0;14718.0;-24392.0;2915.0;,0;0;0;0;0,0.1385353,0.13767229,-0.14297046,-0.24860127,-0.23209532
156,140.5411667,349400,23,366.6666667,27,11,26,11.33333333,"98.0,67.0;67.0,80.0;80.0,80.0;80.0,98.0;98.0,58.0;58.0,96.0;96.0",2018/10/23 2:22,3395.2922,-372.4303753,-27867.0;715.0;2166.0;926.0;-11297.0;10543.0;,0;0;0;0;0,0.081787266,-0.13575003,0.28803256,0.18282795,0.54208624
157,140.5411667,351650,16.28571429,321.4285714,28,11,26.42857143,12.71428571,"96.0,96.0;96.0,98.0;98.0,67.0;67.0,72.0;72.0,41.0;41.0,84.0;84.0,84.0;84.0,96.0;96.0,82.0;82.0,99.0;99.0,50.0;50.0,53.0;53.0,53.0;53.0,85.0;85.0",2018/10/24 2:45,3354.965448,-151.7757465,70.0;584.0;-22428.0;1373.0;-10984.0;12904.0;18.0;3739.0;-9638.0;897.0;-15063.0;634.0;342.0;9082.0;,0;0;0;0;0,0.51636595,-0.14869344,0.24995597,0.11748467,-0.42351115
158,140.5411667,352960,21.5,327.5,29,11,27.75,13.75,"85.0,85.0;85.0,96.0;96.0,62.0;62.0,98.0;98.0,60.0;60.0,64.0;64.0,63.0;63.0,98.0;98.0",2018/10/24 17:58,3361.764579,-195.9449456,247.0;3129.0;-19747.0;1959.0;-17717.0;1151.0;-790.0;10041.0;,0;0;0;0;0,0.015474558,-0.13139422,0.3244714,0.101915665,-0.5129375
159,141.2193334,355040,38.33333333,693.3333333,29,12,27.66666667,13,"98.0,48.0;48.0,100.0;100.0,32.0;32.0,42.0;42.0,41.0;41.0,94.0;94.0",2018/10/25 18:04,3335.448089,-92.62493998,-17523.0;15315.0;-33887.0;2693.0;-1782.0;15543.0;,0;0;0;0;0,-0.039781548,-0.010667283,-0.11185443,0.41142997,-0.05112692
160,141.5461667,356650,42.5,805,30,12,28,12.5,"94.0,54.0;54.0,99.0;99.0,48.0;48.0,88.0;88.0",2018/10/26 11:29,3370.450816,-299.1463446,-20416.0;12813.0;-27298.0;2169.0;,0;0;0;0;0,-0.026196543,0.047983926,-0.002974631,0.2604784,0.17470908
161,141.5461667,358810,26,432,33,9,29,13.8,"88.0,65.0;65.0,69.0;69.0,50.0;50.0,74.0;74.0,74.0;74.0,99.0;99.0,52.0;52.0,96.0;96.0,66.0;66.0,99.0;99.0",2018/10/27 8:46,3374.691141,-338.1191244,-10984.0;1031.0;-7736.0;1335.0;699.0;1382.0;-18609.0;12382.0;-20728.0;1719.0;,0;0;0;0;0,-0.058414232,-0.10114328,-0.003537267,-0.8366778,0.42349985
162,141.5461667,360650,55,920,31,10,28,11,"99.0,51.0;51.0,96.0;96.0,35.0;35.0,100.0;100.0",2018/10/28 5:09,3370.102784,-296.034555,-25840.0;2442.0;-25115.0;20011.0;,0;0;0;0;0,0.118689485,0.004073136,0.123536706,-0.07570846,0.9396598
163,141.5461667,361720,21,356.6666667,32,12,28.66666667,13.33333333,"100.0,37.0;37.0,38.0;38.0,38.0;38.0,73.0;73.0,72.0;72.0,99.0;99.0",2018/10/28 15:03,3374.412306,-494.5347855,-27913.0;31.0;523.0;1887.0;-3792.0;1463.0;,0;0;0;0;0,0.07738757,-0.14593081,0.21508628,-0.060625836,0.55692893
164,141.5461667,363410,24.5,422.5,32,10,28,12.25,"99.0,47.0;47.0,88.0;88.0,68.0;68.0,81.0;81.0,81.0;81.0,100.0;100.0,74.0;74.0,99.0;99.0",2018/10/29 10:38,3385.060271,-299.502048,-20713.0;2227.0;-8813.0;3736.0;1937.0;5468.0;-26287.0;1330.0;,0;0;0;0;0,0.003961322,-0.100067936,-0.029997017,-0.8361062,0.5036671
165,141.5461667,366080,37,667.5,31,12,29.25,13.5,"99.0,71.0;71.0,98.0;98.0,70.0;70.0,96.0;96.0,56.0;56.0,99.0;99.0,46.0;46.0,98.0;98.0",2018/10/30 12:30,3377.756496,-294.7089276,-10987.0;8414.0;-13900.0;1393.0;-16489.0;12122.0;-26958.0;2837.0;,0;0;0;0;0,-0.030747026,0.033820335,-0.059429076,0.5061139,-0.048451044
166,141.3408334,367650,42,785,32,13,29.5,13,"98.0,40.0;40.0,88.0;88.0,55.0;55.0,91.0;91.0",2018/10/31 3:51,3363.614522,-296.5308685,-31665.0;2645.0;-10674.0;10296.0;,0;0;0;0;0,-0.17038253,0.06422985,-0.075607516,0.23689568,0.070707254
167,141.3408334,369210,49,780,32,11,31,12,"91.0,50.0;50.0,99.0;99.0,49.0;49.0,98.0;98.0",2018/10/31 17:34,3393.909793,-497.4266155,-22908.0;2599.0;-21042.0;2786.0;,0;0;0;0;0,-0.011522935,-0.03040998,-0.05564217,0.2961959,0.084785014
168,141.3233333,370540,70,1330,32,10,32,10,"98.0,29.0;29.0,99.0;99.0",2018/11/1 1:50,3387.616254,-507.2214747,-26087.0;3716.0;,0;0;0;0;0,0.071695246,0.06195941,-0.72940964,-0.74079037,1.2818248
169,141.3233333,372770,37,743.3333333,26,9,24.66666667,9.666666667,"99.0,32.0;32.0,99.0;99.0,78.0;78.0,98.0;98.0,58.0;58.0,82.0;82.0",2018/11/2 3:04,3369.043857,-233.9490653,-32216.0;19511.0;-16025.0;1061.0;-15300.0;6700.0;,0;0;0;0;0,0.3531557,-0.21232136,0.8351125,0.95716417,0.2815779
170,141.3233333,374380,50,805,31,8,30,10,"82.0,44.0;44.0,98.0;98.0,50.0;50.0,96.0;96.0",2018/11/2 18:00,3393.189344,-508.2087404,-24992.0;2902.0;-23342.0;2524.0;,0;0;0;0;0,0.41433373,0.52414334,0.31249082,0.5288294,0.30549294
171,141.3233333,375910,29.66666667,510,31,10,28.33333333,11.66666667,"96.0,45.0;45.0,92.0;92.0,86.0;86.0,100.0;100.0,72.0;72.0,100.0;100.0",2018/11/3 11:55,3372.620133,-228.6294257,-18553.0;2577.0;-1625.0;5018.0;-28373.0;8371.0;,0;0;0;0;0,-0.043991894,-0.110310964,0.18781546,0.22808637,-0.2085069
172,141.3233333,377900,56,995,26,8,25,10,"100.0,36.0;36.0,100.0;100.0,52.0;52.0,100.0;100.0",2018/11/4 13:54,3350.999592,-95.84461943,-46471.0;18190.0;-15273.0;13541.0;,0;0;0;0;0,-0.021823883,-0.16825774,1.1427879,-0.13475867,1.2843307
173,141.2375,379710,32.66666667,603.3333333,27,11,25.33333333,11.33333333,"100.0,60.0;60.0,60.0;60.0,60.0;60.0,100.0;100.0,35.0;35.0,93.0;93.0",2018/11/5 15:20,3326.854784,-67.82167244,-38228.0;5.0;10.0;11116.0;-24827.0;17404.0;,0;0;0;0;0,0.08084548,-0.20445158,0.116358176,0.28470555,-0.015803156
174,141.2375,381510,15.71428571,257.1428571,28,10,25,10.85714286,"93.0,86.0;86.0,86.0;86.0,86.0;86.0,86.0;86.0,24.0;24.0,42.0;42.0,42.0;42.0,59.0;59.0,59.0;59.0,60.0;60.0,60.0;60.0,86.0;86.0,50.0;50.0,98.0;98.0",2018/11/6 10:13,3338.333985,-121.0806726,-6391.0;19.0;780.0;15.0;-22004.0;4925.0;234.0;4923.0;5455.0;185.0;141.0;7600.0;-11357.0;3919.0;,0;0;0;0;0,0.5796886,-0.33424598,0.6530556,-0.13123216,-0.12849298
175,141.2375,383290,21.75,445,31,12,28.5,12.75,"98.0,68.0;79.0,95.0;96.0,46.0;50.0,96.0;96.0,70.0;70.0,73.0;73.0,73.0;73.0,95.0;95.0",2018/11/7 3:45,3379.696591,-299.4541164,-23103.0;856.0;-17378.0;2520.0;-9818.0;857.0;935.0;6266.0;,0;0;0;0;0,0.19867644,0.038322393,0.23246843,-0.314379,0.07984026
176,141.703,384710,51,710,25,2,24,6.5,"95.0,61.0;61.0,100.0;100.0,34.0;34.0,97.0;97.0",2018/11/8 21:06,3387.283397,-314.2401103,-21950.0;12091.0;-112001.0;2799.0;,0;0;0;0;0,0.6318315,0.83576375,0.15978454,0.45393878,0.29903328
177,141.703,386010,46,650,30,7,28.5,9,"97.0,28.0;32.0,80.0;81.0,55.0;55.0,99.0;99.0",2018/11/9 3:54,3400.39164,-512.4462918,-16539.0;2249.0;-3007.0;2095.0;,0;0;0;0;0,0.4694836,0.61032516,0.39558354,0.74404734,0.23231563
178,140.703,388140,27.5,-96222.5,24,4,23.5,8,"99.0,0.0;35.0,79.0;79.0,51.0;51.0,98.0;99.0,0.0;46.0,46.0;46.0,46.0;46.0,65.0;65.0",2018/11/10 18:43,3340.593037,-204.9972201,-27939.0;12834.0;-65409.0;2128.0;-26006.0;0.0;118.0;5225.0;,0;0;0;0;0,0.28583872,1.6841409,1.4075629,0.4346201,0.67348856
179,140.703,390220,36.66666667,693.3333333,33,11,28.33333333,12,"65.0,61.0;84.0,98.0;98.0,51.0;51.0,98.0;100.0,50.0;50.0,99.0;99.0",2018/11/11 9:38,3396.783661,-358.9784587,-11977.0;745.0;-13821.0;13856.0;-9174.0;2678.0;,0;0;0;0;0,-0.42327434,0.036068488,-0.052902274,0.2683961,-0.14733408
180,141.0975,391900,42.5,840,34,10,31,12,"99.0,46.0;46.0,99.0;99.0,56.0;56.0,88.0;88.0",2018/11/11 22:58,3392.298588,-501.9222664,-19113.0;2883.0;-24286.0;1727.0;,0;0;0;0;0,-0.25730392,0.22112507,-0.6868942,-0.046824496,-0.5294777
181,141.0975,393260,30.33333333,453.3333333,25,7,23.66666667,8,"88.0,58.0;58.0,100.0;100.0,55.0;55.0,88.0;88.0,82.0;82.0,98.0;98.0",2018/11/12 17:18,3403.799524,-382.104671,-9013.0;11969.0;-24385.0;1732.0;-17949.0;798.0;,0;0;0;0;0,0.67009306,0.18864012,0.5858031,0.34296268,-0.012322458
182,141.0975,395250,22.2,398,29,8,25.2,9.4,"98.0,67.0;67.0,99.0;99.0,71.0;71.0,72.0;72.0,72.0;72.0,89.0;89.0,40.0;51.0,96.0;96.0,78.0;78.0,94.0;94.0",2018/11/13 14:33,3374.98982,-262.8573865,-17458.0;1632.0;-12192.0;337.0;1725.0;4666.0;-20024.0;2361.0;-10841.0;4573.0;,0;0;0;0;0,0.49177915,-0.10890322,0.6534904,0.043694075,0.4660329
183,139.0958333,397400,41.33333333,710,30,8,26,8.666666667,"94.0,74.0;74.0,98.0;98.0,45.0;45.0,85.0;85.0,32.0;35.0,95.0;95.0",2018/11/14 12:19,3386.184964,-374.973367,-17343.0;1286.0;-17001.0;11204.0;-27243.0;3179.0;,0;0;0;0;0,0.18736587,0.25449345,-0.20144649,0.26676822,0.03429057
184,141.0231667,399640,50.5,1120,30,8,29.5,8.5,"95.0,40.0;40.0,89.0;89.0,46.0;46.0,98.0;98.0",2018/11/15 11:19,3395.791365,-510.2412501,-43931.0;2575.0;-33506.0;2744.0;,0;0;0;0;0,0.22176531,0.18294574,0.12018507,0.14285898,1.0147414
185,141.0231667,401450,20,362,29,7,24.6,9.2,"98.0,63.0;63.0,98.0;99.0,67.0;68.0,77.0;77.0,78.0;78.0,82.0;82.0,82.0;93.0,99.0;99.0,40.0;40.0,86.0;86.0",2018/11/16 12:07,3376.040471,-263.0856899,-13142.0;1899.0;-21002.0;2653.0;6024.0;980.0;19.0;1720.0;-34692.0;2410.0;,0;0;0;0;0,0.49247393,0.3232672,0.5020776,-0.094426595,0.56429875
186,141.0231667,402450,35.5,500,29,7,27,8.5,"86.0,57.0;57.0,98.0;98.0,54.0;54.0,84.0;84.0",2018/11/16 22:52,3393.601202,-518.4358355,-8364.0;2174.0;-26642.0;1538.0;,0;0;0;0;0,0.36106676,0.43189323,0.54600465,0.44059482,0.16622579
187,141.0231667,403740,24.75,322.5,25,7,22.25,7.5,"84.0,44.0;44.0,56.0;56.0,56.0;56.0,100.0;100.0,56.0;56.0,57.0;57.0,57.0;57.0,99.0;99.0",2018/11/17 19:29,3355.934083,-260.4393999,-8985.0;3258.0;200.0;13517.0;-45932.0;93.0;86.0;2162.0;,0;0;0;0;0,-0.46034753,-0.26881775,1.0676891,-2.0520337,-0.6588507
188,140.932,405960,38.5,555,28,5,24,6.25,"99.0,27.0;27.0,62.0;62.0,62.0;62.0,64.0;64.0,43.0;43.0,98.0;98.0,37.0;37.0,99.0;99.0",2018/11/18 15:53,3368.172244,-309.1451237,-22824.0;9778.0;400.0;525.0;-13009.0;2839.0;-20801.0;3218.0;,0;0;0;0;0,0.56506616,0.07401873,2.3992484,1.0031424,0.9614993
189,140.932,407310,33,450,25,6,22.66666667,7.666666667,"99.0,61.0;61.0,74.0;74.0,74.0;74.0,97.0;97.0,37.0;37.0,100.0;100.0",2018/11/19 7:00,3386.043845,-359.604736,-17716.0;678.0;164.0;1270.0;-15991.0;18591.0;,0;0;0;0;0,0.9504114,-0.14374895,1.4424945,0.84088653,0.6197853
190,140.9196667,408180,53,870,26,6,26,6,"100.0,46.0;46.0,99.0;99.0",2018/11/19 15:52,3408.574632,-523.6676471,-29213.0;2721.0;,0;0;0;0;0,0.28234467,-0.07547635,1.9002306,-0.006006614,1.9045955
191,140.9196667,409840,39.33333333,553.3333333,26,4,23.66666667,6,"99.0,53.0;53.0,99.0;99.0,41.0;41.0,62.0;62.0,47.0;47.0,98.0;98.0",2018/11/20 13:05,3380.488558,-379.4715006,-24308.0;2375.0;-37879.0;5225.0;-4229.0;2376.0;,0;0;0;0;0,0.72105384,1.301829,2.1170232,1.1822616,1.0666951
192,140.9196667,411360,32.66666667,506.6666667,29,6,25,8.333333333,"98.0,60.0;60.0,96.0;96.0,76.0;76.0,100.0;100.0,52.0;52.0,90.0;90.0",2018/11/21 11:17,3391.267461,-375.8671338,-15260.0;1922.0;-23312.0;7617.0;-29879.0;1931.0;,0;0;0;0;0,0.37978768,0.53807944,0.39699084,0.497486,-0.011124437
193,140.7883333,412570,51.5,605,29,6,27.5,7,"90.0,45.0;45.0,98.0;98.0,49.0;49.0,99.0;99.0",2018/11/21 23:38,3403.865066,-519.3136124,-13095.0;2758.0;-25988.0;2596.0;,0;0;0;0;0,-0.47371635,-0.6292548,2.0393527,-0.11420936,0.14816178
194,140.7883333,413640,18.25,267.5,25,4,23.75,7.75,"99.0,84.0;84.0,89.0;89.0,50.0;50.0,96.0;96.0,76.0;76.0,76.0;76.0,76.0;76.0,98.0;98.0",2018/11/22 14:42,3389.405019,-402.8463299,-6179.0;1399.0;-36434.0;2065.0;-6645.0;21.0;430.0;1030.0;,0;0;0;0;0,0.4463579,1.7773899,1.6181258,0.16734734,0.76297534
195,139.2028333,415060,51.5,710,27,5,25.5,5.5,"98.0,46.0;46.0,99.0;99.0,47.0;47.0,97.0;97.0",2018/11/23 11:34,3404.88328,-530.7868488,-26713.0;2774.0;-43360.0;2257.0;,0;0;0;0;0,0.5628106,-0.030196702,1.5525447,0.03512318,0.47874376
196,140.5933333,417590,48.33333333,843.3333333,30,5,28.66666667,8.666666667,"97.0,36.0;47.0,93.0;93.0,48.0;48.0,94.0;94.0,43.0;43.0,96.0;96.0",2018/11/24 8:40,3398.93314,-510.301117,-16212.0;2441.0;-15348.0;2499.0;-34596.0;2724.0;,0;0;0;0;0,0.4179296,0.09839048,0.019099694,0.15554504,-0.38677728
197,140.5933333,418710,34,560,30,11,29,12,"96.0,63.0;63.0,96.0;96.0,65.0;65.0,100.0;100.0",2018/11/24 16:53,3414.939811,-476.7493465,-13372.0;1787.0;-12423.0;1994.0;,0;0;0;0;0,1.0978901,0.40342885,0.23516174,0.66783166,0.6713178
198,140.5933333,420000,43,645,26,8,24.5,8,"100.0,58.0;58.0,96.0;96.0,52.0;52.0,100.0;100.0",2018/11/25 7:01,3381.96523,-305.9640327,-23930.0;1955.0;-10953.0;14010.0;,0;0;0;0;0,0.38878098,0.43023464,0.16442752,0.3148027,0.24869207
199,140.5933333,422400,36.5,600,30,7,26.5,9,"100.0,62.0;62.0,98.0;98.0,50.0;50.0,80.0;80.0,74.0;74.0,100.0;100.0,45.0;45.0,99.0;99.0",2018/11/26 14:54,3394.528442,-410.6497541,-29408.0;1887.0;-31960.0;1589.0;-2037.0;7504.0;-37538.0;2884.0;,0;0;0;0;0,-0.051257517,0.11341139,0.82723784,0.79246336,0.040411174
200,140.5933333,423850,29,483.3333333,29,7,28,10.33333333,"99.0,98.0;99.0,99.0;99.0,63.0;63.0,99.0;99.0,45.0;45.0,96.0;96.0",2018/11/27 10:14,3401.877531,-499.145827,-1731.0;15.0;-24299.0;1900.0;-39004.0;2666.0;,0;0;0;0;0,0.10151004,0.015439197,0.19210371,-0.119126745,-0.18458627
201,140.5933333,425300,34.5,725,29,8,28,9.5,"96.0,63.0;63.0,96.0;96.0,48.0;48.0,84.0;84.0",2018/11/27 23:50,3398.707045,-511.6747463,-23310.0;1747.0;-22013.0;1887.0;,0;0;0;0;0,0.36388338,0.5464717,0.17235185,0.44125348,-0.141123
202,139.5933333,427330,28.2,406,28,6,26,8.8,"84.0,76.0;76.0,83.0;83.0,82.0;82.0,93.0;93.0,56.0;56.0,98.0;98.0,74.0;74.0,95.0;95.0,39.0;39.0,99.0;99.0",2018/11/28 23:34,3390.643491,-346.7901227,-2238.0;1796.0;-2099.0;3015.0;-30428.0;2171.0;-9829.0;1120.0;-29622.0;3107.0;,0;0;0;0;0,1.0256811,-0.36338434,0.07654445,0.41449496,1.0833074
203,139.5933333,428530,27.5,600,26,8,26,9,"99.0,80.0;80.0,100.0;100.0,49.0;51.0,86.0;86.0",2018/11/29 11:58,3381.531294,-306.2203852,-5389.0;6269.0;-30965.0;1792.0;,0;0;0;0;0,0.8374215,0.13970232,-0.000194343,-0.21078701,-0.13703315
204,139.5933333,430640,43,700,30,8,26,9,"87.0,53.0;53.0,98.0;98.0,57.0;58.0,100.0;100.0,54.0;54.0,96.0;96.0",2018/11/30 10:30,3380.938164,-309.1828264,-15633.0;2441.0;-20425.0;12178.0;-21635.0;3400.0;,0;0;0;0;0,0.34312773,0.3690626,0.07496251,0.27797857,0.23884512
205,139.5933333,432220,44,790,30,10,29,10.5,"96.0,60.0;60.0,98.0;98.0,43.0;43.0,93.0;93.0",2018/12/1 0:23,3397.700182,-509.267464,-20903.0;2031.0;-24390.0;2672.0;,0;0;0;0;0,0.6128793,0.041825123,0.007270074,0.18201946,0.08931389
206,139.465,433990,55.5,885,33,9,31.5,10.5,"93.0,45.0;45.0,99.0;99.0,39.0;39.0,96.0;96.0",2018/12/1 18:16,3391.249549,-503.9326537,-30445.0;2824.0;-28005.0;3106.0;,0;0;0;0;0,0.05440191,0.19071569,-0.001729508,-0.15992239,0.77952737
207,139.4123334,435610,35.5,810,31,11,29,11,"96.0,46.0;46.0,99.0;99.0,59.0;59.0,77.0;77.0",2018/12/2 9:05,3384.546736,-493.0394918,-21991.0;2854.0;-27447.0;1007.0;,0;0;0;0;0,-0.38400662,0.051014964,-0.91817385,0.22726144,0.046883006
208,139.4123334,436860,19.4,250,32,10,28.6,11.6,"77.0,77.0;77.0,77.0;77.0,77.0;77.0,78.0;78.0,78.0;78.0,78.0;78.0,50.0;50.0,98.0;98.0,51.0;51.0,99.0;99.0",2018/12/2 21:01,3364.77331,-280.2254326,143.0;50.0;273.0;56.0;95.0;0.0;-10701.0;2607.0;-26485.0;2556.0;,0;0;0;0;0,0.013079555,-0.09427877,0.24053793,0.22112712,0.2618309
209,139.4123334,438850,36.33333333,663.3333333,29,10,28.66666667,11,"99.0,63.0;63.0,99.0;99.0,63.0;63.0,99.0;99.0,59.0;59.0,96.0;96.0",2018/12/3 16:32,3396.394944,-449.7837683,-18439.0;1893.0;-27408.0;1894.0;-17593.0;3038.0;,0;0;0;0;0,0.32754824,-0.04244455,0.14610559,0.27710798,-0.18681781
210,139.4856667,440520,50.5,835,31,8,29.5,9,"96.0,40.0;40.0,97.0;97.0,53.0;55.0,99.0;99.0",2018/12/4 10:18,3395.232664,-510.5636044,-30371.0;3075.0;-27989.0;2280.0;,0;0;0;0;0,0.022626767,0.05012127,-0.18381721,0.053589523,0.039005015
211,139.6,442340,64.5,910,26,5,23.5,6,"99.0,38.0;38.0,100.0;100.0,32.0;32.0,99.0;99.0",2018/12/5 12:12,3381.021978,-312.6120898,-25645.0;18589.0;-45948.0;3045.0;,1;0;0;0;0,0.5000199,0.31095326,0.79293394,-1.2963561,1.8865306
212,138.6,444100,44.5,880,28,7,27.5,8,"99.0,52.0;52.0,99.0;99.0,40.0;40.0,82.0;82.0",2018/12/5 23:30,3396.59737,-505.3151338,-14189.0;2274.0;-21937.0;2259.0;,1;0;0;0;0,1.0014601,0.18081246,-0.094229676,0.07367725,1.0428048
213,138.6,445010,44,455,24,5,24,6,"82.0,56.0;56.0,100.0;100.0,55.0;55.0,99.0;99.0",2018/12/6 10:34,3387.354928,-304.0588336,-6578.0;12580.0;-18379.0;2310.0;,1;0;0;0;0,0.28237566,0.1725097,0.88267416,0.18909566,0.2657735
214,138.6,446460,1.528571429,20.71428571,25,2,21.58571429,6.9,"99.0,55.0;55.0,98.0;98.0,90.0;90.0,94.0;94.0,94.0;94.0,95.0;90.0",2018/12/7 0:25,3382.524546,-77.19315565,-17870.0;2205.0;-4055.0;1298.0;29.0;-19411.0;2657.0;,1;0;0;0;0,0.053725366,0.15830836,1.444073,0.03031785,0.27140728
215,138.798,447730,37.66666667,423.3333333,23,0,19.33333333,1.666666667,"90.0,68.0;68.0,88.0;88.0,71.0;71.0,89.0;89.0,21.0;21.0,96.0;96.0",2018/12/7 16:06,3378.558621,-244.0644936,-4655.0;5432.0;-18388.0;4718.0;-19916.0;3314.0;,1;0;0;0;0,0.42591792,-1.6246252,3.5798402,1.9976237,1.9283324
216,138.8823333,448540,41.5,405,22,1,19.5,1,"96.0,42.0;42.0,99.0;99.0,60.0;60.0,86.0;86.0",2018/12/8 2:38,3386.384454,-323.0339667,-18756.0;2481.0;-10212.0;6520.0;,1;0;0;0;0,-0.74608576,-2.4738038,-0.1892868,0.20251593,0.66319823
217,138.8823333,449580,37.66666667,346.6666667,21,-3,18.66666667,-0.333333333,"86.0,85.0;85.0,99.0;99.0,50.0;50.0,99.0;99.0,48.0;48.0,98.0;98.0",2018/12/8 14:24,3412.893103,-394.1800918,-13607.0;3702.0;-8250.0;2043.0;-12630.0;2090.0;,1;0;0;0;0,0.20229043,-2.0177715,4.4943,2.1741772,1.8785921
218,137.8823333,450690,39.66666667,370,20,-6,15.33333333,-1.666666667,"98.0,80.0;80.0,99.0;99.0,66.0;66.0,96.0;96.0,28.0;28.0,98.0;98.0",2018/12/9 15:41,3413.112433,-363.6464025,-9832.0;4935.0;-56951.0;1314.0;-15344.0;2640.0;,1;0;0;0;0,0.15187463,-1.9992187,4.236604,1.6701953,1.7043722
219,137.8823333,451730,58.5,520,24,2,22.5,2.5,"98.0,54.0;54.0,99.0;99.0,27.0;27.0,99.0;99.0",2018/12/10 1:20,3416.436309,-533.6326786,-12513.0;1725.0;-17836.0;2640.0;,1;0;0;0;0,0.14734104,-1.4639802,2.4717443,-0.86706084,-1.0267202
220,136.7738333,452170,22,220,20,1,17,1.5,"99.0,56.0;56.0,57.0;57.0,57.0;57.0,100.0;100.0",2018/12/10 10:09,3362.797982,-344.8567945,-29570.0;48.0;202.0;1934.0;,1;0;0;0;0,0.488107,1.5925308,1.744572,0.60291225,1.1061636
221,136.7506667,453420,56,625,24,3,24,3.5,"100.0,40.0;40.0,98.0;98.0,46.0;46.0,100.0;100.0",2018/12/10 22:13,3408.930889,-529.4939444,-21043.0;2619.0;-17268.0;2499.0;,1;0;0;0;0,0.1885874,-1.2172534,3.3175929,-0.99332684,0.24621649
222,136.8536666,454820,56.5,700,26,2,24,3,"100.0,39.0;39.0,99.0;99.0,43.0;43.0,96.0;96.0",2018/12/11 11:53,3407.811166,-537.0997442,-14744.0;2710.0;-29422.0;2322.0;,1;0;0;0;0,0.65547365,2.0588326,2.748302,0.64360505,0.78215224
223,136.8588334,456540,39.66666667,573.3333333,24,1,19.33333333,2.666666667,"96.0,49.0;49.0,98.0;98.0,30.0;30.0,36.0;36.0,36.0;36.0,100.0;100.0",2018/12/12 4:28,3353.62911,-242.055539,-14005.0;2230.0;-20608.0;1815.0;1617.0;19458.0;,1;0;0;0;0,0.21528454,1.0959238,1.8047601,1.1125503,0.13446198
224,135.1091667,457160,50,620,21,1,21,1,"100.0,48.0;48.0,98.0;98.0",2018/12/12 10:22,3410.186416,-554.5115607,-19074.0;2165.0;,1;0;0;0;0,-0.06706678,-1.269904,4.388796,0.5667715,0.6301666
225,135.1091667,458580,38.33333333,436.6666667,21,0,19.66666667,2,"91.0,48.0;48.0,80.0;80.0,68.0;68.0,100.0;100.0,47.0;47.0,98.0;98.0",2018/12/13 10:27,3404.129819,-396.7699585,-17295.0;1419.0;-6174.0;8188.0;-50051.0;2132.0;,1;0;0;0;0,-0.17126669,0.5634708,2.406934,1.4512807,0.5183584
226,135.1091667,460110,38.66666667,510,18,0,16,0.333333333,"98.0,46.0;46.0,68.0;68.0,61.0;61.0,99.0;99.0,43.0;43.0,99.0;99.0",2018/12/14 4:31,3382.411716,-235.1886957,-27792.0;6030.0;-1889.0;1712.0;-13576.0;14051.0;,1;0;0;0;0,-0.18671419,-2.1946054,3.7032201,1.4151568,-0.643844
227,134.7285,461460,47.5,675,26,4,25,5,"100.0,49.0;49.0,99.0;99.0,53.0;53.0,98.0;98.0",2018/12/14 15:38,3414.338205,-530.7827417,-20051.0;2220.0;-15427.0;2307.0;,1;0;0;0;0,0.24058068,-1.1478332,3.7944484,0.37540162,0.7197856
228,134.7285,462580,39.5,560,25,5,25,5.5,"98.0,64.0;64.0,98.0;98.0,54.0;54.0,99.0;99.0",2018/12/15 0:42,3416.13758,-529.5831434,-15307.0;1741.0;-13310.0;2287.0;,1;0;0;0;0,0.43170786,-0.52589726,1.2905476,0.88274664,0.636712
229,134.7285,464270,38.66666667,563.3333333,24,4,21.33333333,4.666666667,"99.0,48.0;48.0,72.0;72.0,56.0;56.0,96.0;96.0,44.0;44.0,96.0;96.0",2018/12/15 22:02,3388.355023,-371.7026906,-33959.0;1105.0;-4731.0;2094.0;-19519.0;15387.0;,1;0;0;0;0,0.3444689,1.4610502,1.8423972,1.0295398,0.19327722
230,133.0415,465570,50,650,24,4,23.5,4.5,"100.0,47.0;47.0,99.0;99.0,50.0;50.0,98.0;98.0",2018/12/16 20:43,3415.037801,-526.8540709,-64292.0;2286.0;-13020.0;2055.0;,1;0;0;0;0,-0.16891094,1.0397812,1.396517,0.74493444,0.37941453
231,133.1425,467120,38.66666667,516.6666667,26,2,23.66666667,6,"98.0,91.0;91.0,100.0;100.0,42.0;42.0,99.0;99.0,49.0;49.0,99.0;99.0",2018/12/17 15:47,3390.50047,-319.7847945,-1624.0;2257.0;-43637.0;2421.0;-14592.0;4133.0;,1;0;0;0;0,0.23621708,1.2025495,1.222319,0.87435484,-0.3136232
232,132.0305,468740,28.5,810,27,5,23.5,5,"99.0,38.0;38.0,94.0;94.0,44.0;44.0,45.0;45.0",2018/12/18 1:40,3346.953292,-310.4197395,-21005.0;2835.0;-11361.0;356.0;,1;0;0;0;0,0.78161216,-0.08269153,-0.52249736,0.39674616,-0.17706007
233,132.0305,469650,43,303.3333333,25,3,20.33333333,4,"45.0,45.0;45.0,96.0;96.0,54.0;54.0,83.0;83.0,50.0;50.0,99.0;99.0",2018/12/18 14:49,3364.388332,-236.9486712,3398.0;12745.0;-13949.0;7632.0;-7382.0;2210.0;,1;0;0;0;0,0.16479963,0.73955685,2.0254505,0.09724716,-0.6481821
234,132.0305,471250,33.66666667,533.3333333,28,6,25,6.666666667,"99.0,49.0;49.0,77.0;77.0,77.0;77.0,98.0;98.0,47.0;47.0,99.0;99.0",2018/12/19 1:50,3386.73729,-416.7504447,-21691.0;2873.0;202.0;1168.0;-10891.0;2820.0;,1;0;0;0;0,-0.68510723,-0.9723559,1.3087434,0.29652876,-2.678778
235,132.0305,472400,37.5,575,27,6,26,7,"99.0,72.0;72.0,100.0;100.0,52.0;52.0,99.0;99.0",2018/12/19 10:52,3386.712669,-308.3970218,-5686.0;9902.0;-14563.0;2398.0;,1;0;0;0;0,0.35567847,-0.84817004,-0.9345369,0.5150608,-0.5895279
236,131.0881667,474490,42.66666667,696.6666667,32,9,30,10.33333333,"99.0,37.0;37.0,98.0;98.0,74.0;75.0,99.0;99.0,56.0;56.0,99.0;99.0",2018/12/20 0:28,3405.308412,-508.9058176,-18216.0;3226.0;-9870.0;1278.0;-14095.0;2226.0;,1;0;0;0;0,-1.7775087,-0.052424747,-2.2457187,-0.21915723,-0.16566154
237,131.0881667,476170,52,840,30,6,28,7,"99.0,50.0;50.0,98.0;98.0,43.0;43.0,99.0;99.0",2018/12/20 15:48,3400.94708,-517.3052704,-32136.0;2452.0;-17712.0;2935.0;,1;0;0;0;0,-1.0214536,-2.519156,-0.28883386,-1.1461775,-1.9574443
238,131.0881667,477510,31,446.6666667,26,5,22,6,"99.0,83.0;83.0,100.0;100.0,65.0;65.0,100.0;100.0,57.0;57.0,98.0;98.0",2018/12/21 16:37,3383.790874,-235.3945736,-19251.0;5503.0;-37704.0;9763.0;-14991.0;2125.0;,1;0;0;0;0,-0.730345,-0.2188616,1.6005915,0.26526263,0.11818891
239,131.0881667,478930,31,473.3333333,29,9,28.33333333,10.33333333,"98.0,60.0;60.0,97.0;97.0,69.0;69.0,99.0;99.0,73.0;73.0,99.0;99.0",2018/12/22 2:33,3411.478109,-505.1541452,-16576.0;1934.0;-7513.0;1672.0;-6697.0;1367.0;,1;0;0;0;0,0.32919538,0.09654428,0.010085096,0.40059832,-0.08026304
240,131.0881667,480070,39,570,27,6,27,7.5,"99.0,50.0;50.0,99.0;99.0,70.0;70.0,99.0;99.0",2018/12/22 13:57,3412.269552,-518.8878877,-27431.0;2519.0;-9570.0;1506.0;,1;0;0;0;0,-0.4122939,-1.5353609,-0.1130125,0.41580525,0.14232832
241,130.8321667,482580,37.75,627.5,27,6,25.25,6.75,"99.0,90.0;90.0,97.0;97.0,62.0;62.0,100.0;100.0,49.0;49.0,99.0;99.0,20.0;20.0,76.0;76.0",2018/12/23 12:22,3394.608171,-409.3835533,-8429.0;2157.0;-15614.0;1936.0;-10966.0;2588.0;-36419.0;2539.0;,1;0;0;0;0,0.5335849,-0.2339556,0.59133726,0.75821996,0.018374918
242,130.8321667,482960,49,380,29,10,29,10,"76.0,51.0;51.0,100.0;100.0",2018/12/23 15:01,3401.17489,-496.2388862,-7222.0;2318.0;,1;0;0;0;0,-0.99146587,-1.667117,-0.056895033,-0.30589086,0.08135864
243,130.8321667,484790,24.33333333,305,29,1,23.33333333,6.166666667,"100.0,61.0;61.0,98.0;98.0,77.0;77.0,98.0;98.0,91.0;91.0,100.0;100.0,100.0;100.0,100.0;100.0,19.0;19.0,23.0;23.0,23.0;23.0,98.0;98.0",2018/12/24 11:40,3379.535312,-322.3256998,-16496.0;1702.0;-6400.0;1055.0;-1385.0;3341.0;22176.0;62.0;-17460.0;377.0;190.0;3672.0;,1;0;0;0;0,-0.9239565,-0.5391249,0.11590516,-2.9051206,-0.4196364
244,130.8321667,485810,28.5,510,28,9,27,9,"98.0,57.0;57.0,99.0;99.0,64.0;83.0,98.0;98.0",2018/12/24 20:32,3424.367305,-515.9294582,-14048.0;1951.0;-14055.0;778.0;,1;0;0;0;0,-0.047474083,-3.4812725,0.88894975,-0.23503539,-0.5147026
245,130.9251667,487600,29.25,447.5,29,6,26.5,8,"98.0,45.0;45.0,60.0;60.0,43.0;43.0,94.0;94.0,87.0;87.0,100.0;100.0,61.0;61.0,99.0;99.0",2018/12/25 10:51,3389.249368,-413.1670641,-10767.0;812.0;-4525.0;2643.0;-1853.0;3774.0;-25214.0;1974.0;,1;0;0;0;0,-0.025356771,0.34971157,0.16850625,0.50653374,0.36724734
246,129.8466667,489250,37,550,30,8,28.33333333,9,"99.0,40.0;40.0,99.0;99.0,86.0;86.0,98.0;98.0,59.0;59.0,99.0;99.0",2018/12/25 22:18,3409.248167,-509.3488343,-16017.0;3072.0;-5792.0;637.0;-13529.0;2135.0;,1;0;0;0;0,-1.959343,-1.7565079,-0.31188148,0.39438236,-2.3048406
247,129.8466667,490630,23.5,345,27,4,24.25,6.5,"99.0,79.0;79.0,85.0;85.0,50.0;50.0,50.0;50.0,50.0;50.0,99.0;99.0,60.0;60.0,99.0;99.0",2018/12/26 9:54,3374.62794,-411.6398746,-3928.0;1555.0;-9100.0;10.0;683.0;2488.0;-22259.0;1726.0;,1;0;0;0;0,0.9614441,-0.2463844,0.92023456,-0.21008533,0.82726514
248,129.6911667,492170,43.5,770,26,4,25,4,"99.0,44.0;44.0,99.0;99.0,36.0;44.0,76.0;76.0",2018/12/26 21:52,3400.587973,-532.2171762,-17257.0;2790.0;-20798.0;1665.0;,1;0;0;0;0,0.62356776,1.9321257,2.2518475,0.49380636,0.3942641
249,129.7993333,493200,52,515,26,2,23.5,2.5,"76.0,40.0;40.0,99.0;99.0,53.0;53.0,98.0;98.0",2018/12/27 10:08,3415.803043,-540.1719279,-11260.0;2954.0;-27984.0;1962.0;,1;1;0;0;0,0.36648193,1.037969,1.2738408,-0.6779305,-1.2126001
250,129.7993333,494230,42.5,515,23,3,22,3,"98.0,42.0;42.0,89.0;89.0,60.0;60.0,98.0;98.0",2018/12/27 19:22,3417.187741,-543.5805787,-14332.0;2062.0;-15155.0;1679.0;,1;1;0;0;0,-0.27944526,0.8532202,-0.15605614,0.5987373,-0.6468022
251,128.705,495290,49.5,530,21,-1,19.5,1,"98.0,55.0;55.0,81.0;81.0,26.0;26.0,99.0;99.0",2018/12/28 10:17,3374.69185,-312.9006326,-9136.0;6384.0;-35038.0;3160.0;,1;1;0;0;0,0.21382347,-2.3977098,2.402587,-0.3518325,-1.3518906
252,128.705,496460,35,390,23,-1,21,2.333333333,"99.0,44.0;44.0,97.0;97.0,89.0;89.0,100.0;100.0,58.0;58.0,99.0;99.0",2018/12/28 21:34,3410.448413,-393.9451016,-12257.0;2225.0;-1829.0;3899.0;-18705.0;1677.0;,1;1;0;0;0,-0.069206916,-3.1575587,0.6701337,0.48268145,0.5663988
253,128.705,497680,32.75,305,20,-4,16.5,-1,"99.0,56.0;56.0,99.0;99.0,55.0;55.0,99.0;99.0,99.0;99.0,100.0;100.0,55.0;55.0,98.0;98.0",2018/12/29 11:06,3452.744434,-468.5080804,-8158.0;1787.0;-26930.0;1746.0;280.0;187.0;-8124.0;1505.0;,1;1;0;0;0,-0.6149594,-2.0218773,2.16246,-0.75806314,-0.3531084
254,128.343,498310,36,315,20,-2,18,-2,"98.0,79.0;79.0,100.0;100.0,48.0;48.0,99.0;99.0",2018/12/30 8:53,3405.957059,-305.490302,-22708.0;5919.0;-47891.0;1891.0;,1;1;0;0;0,-0.71306056,-2.1539779,2.193819,-0.7091521,-0.36934218
255,128.419,499370,55,530,23,1,22,1.5,"99.0,41.0;41.0,99.0;99.0,46.0;46.0,98.0;98.0",2018/12/30 17:25,3422.682115,-546.5787241,-11130.0;2085.0;-14939.0;2578.0;,1;1;0;0;0,-0.4240124,-2.9287777,0.33825168,-1.0301008,-1.9182984
256,127.7123333,500270,42.5,450,22,0,22,2,"98.0,67.0;67.0,99.0;99.0,46.0;46.0,99.0;99.0",2018/12/31 0:21,3428.324496,-530.6303848,-7366.0;1663.0;-13325.0;2581.0;,1;1;0;0;0,-0.2446959,-2.7010272,0.74068916,0.20003651,-0.5712994
257,127.7123333,502000,35.5,432.5,24,0,21.5,2.5,"99.0,89.0;89.0,100.0;100.0,53.0;53.0,99.0;99.0,72.0;72.0,99.0;99.0,38.0;38.0,96.0;96.0",2018/12/31 19:02,3410.159823,-425.7049491,-2490.0;2985.0;-37622.0;1953.0;-6496.0;1165.0;-12124.0;2447.0;,1;1;0;0;0,-0.14709966,-2.3755107,0.6698197,0.60496926,0.6840441
258,127.7123333,502970,17.5,242.5,22,-5,17.75,-2,"96.0,74.0;74.0,100.0;100.0,80.0;80.0,100.0;100.0,48.0;48.0,48.0;48.0,48.0;48.0,72.0;72.0",2019/1/2 12:03,3344.85942,-74.86336757,-5068.0;6711.0;-55695.0;5710.0;-67323.0;11.0;13.0;7140.0;,1;1;0;0;0,0.23050998,0.24332291,0.2661889,-2.136105,0.1558441
259,127.7123333,504330,44.66666667,453.3333333,25,4,23,4.666666667,"72.0,64.0;64.0,100.0;100.0,51.0;51.0,98.0;98.0,48.0;48.0,99.0;99.0",2019/1/2 21:17,3422.516296,-509.5916462,-3067.0;1407.0;-13554.0;2114.0;-10695.0;2395.0;,1;1;0;0;0,-0.1278212,-2.8812196,1.8685877,-0.29541478,-0.96427655
260,126.2618334,505060,54,730,26,5,26,5,"99.0,44.0;44.0,98.0;98.0",2019/1/3 1:06,3409.445719,-530.1257681,-11286.0;2441.0;,1;1;0;0;0,0.2243938,-0.1305045,-0.106763475,-0.9757106,-0.49718443
261,126.31,506250,50,595,22,1,18.5,1,"98.0,62.0;62.0,100.0;100.0,36.0;36.0,98.0;98.0",2019/1/4 12:24,3395.437506,-301.0943485,-30905.0;10653.0;-82603.0;2876.0;,1;1;0;0;0,-0.7804279,-1.2311947,4.171091,0.35181075,0.15668271
262,126.5868333,507770,59.5,760,26,4,26,4,"98.0,38.0;38.0,98.0;98.0,39.0;39.0,98.0;98.0",2019/1/5 0:55,3410.112305,-522.7375756,-19515.0;2724.0;-19808.0;3026.0;,1;1;0;0;0,0.41477266,1.2535274,-1.3522664,-0.8949061,-0.26936927
263,126.5248333,509440,27.33333333,556.6666667,26,4,23.66666667,6,"98.0,89.0;89.0,98.0;100.0,49.0;49.0,98.0;98.0,46.0;46.0,70.0;70.0",2019/1/5 18:36,3364.990305,-233.6629837,-1790.0;2545.0;-32109.0;2596.0;-18063.0;6548.0;,1;1;0;0;0,-1.1912512,-0.29358774,-0.9689715,-3.9279387,-0.8895017
264,125.5245,510570,56,565,25,-3,21.5,0.5,"70.0,46.0;46.0,98.0;98.0,39.0;39.0,99.0;99.0",2019/1/6 13:30,3417.814702,-534.2300938,-52225.0;2238.0;-11022.0;2541.0;,1;1;0;0;0,0.09799736,-3.5267756,0.6601719,-0.84129053,-0.80669206
265,125.4305,511880,45,655,27,4,25,4.5,"99.0,48.0;48.0,98.0;98.0,59.0;59.0,99.0;99.0",2019/1/6 22:51,3404.859021,-531.529907,-13298.0;2560.0;-16054.0;1750.0;,1;1;0;0;0,0.52228606,-0.06791356,-1.4415544,0.17676088,-0.35558456
266,125.5801667,512880,31,333.3333333,22,-2,21.66666667,2,"99.0,81.0;81.0,100.0;100.0,35.0;35.0,82.0;82.0,73.0;73.0,100.0;100.0",2019/1/7 23:00,3379.154971,-238.3052181,-52903.0;6075.0;-15689.0;1992.0;-1307.0;8951.0;,1;1;0;0;0,-0.06974664,-2.2790148,0.15859096,0.3398306,0.070392966
267,125.5801667,514430,46.33333333,516.6666667,21,-1,19,0.333333333,"100.0,49.0;49.0,99.0;99.0,26.0;26.0,72.0;72.0,35.0;35.0,78.0;78.0",2019/1/11 19:58,3405.538415,-473.933401,-122279.0;2090.0;-196635.0;1901.0;-8874.0;2931.0;,1;1;0;0;0,-0.81355745,-3.1127996,1.5020118,-0.5041631,-1.2145236
268,124.1126666,515020,38.5,295,22,3,22,4.5,"78.0,78.0;78.0,98.0;98.0,36.0;36.0,93.0;93.0",2019/1/12 2:02,3398.365553,-331.1315045,195.0;1390.0;-16146.0;4117.0;,1;1;0;0;0,-1.6664499,-0.004569946,-1.3868107,-0.12829435,-1.3537706
269,124.475,516190,50.5,585,23,1,22,2.5,"93.0,34.0;38.0,99.0;99.0,60.0;60.0,100.0;100.0",2019/1/12 19:31,3393.554752,-316.3193166,-40684.0;2525.0;-8378.0;10696.0;,1;1;0;0;0,-0.8633787,-3.5985894,0.5381676,-0.6021336,-0.47740743
270,124.475,517660,21.8,294,23,2,19.4,3.8,"100.0,55.0;56.0,100.0;100.0,19.0;19.0,40.0;40.0,39.0;39.0,55.0;55.0,55.0;55.0,56.0;56.0,56.0;56.0,83.0;83.0",2019/1/13 15:59,3379.54532,-364.2324052,-10974.0;3178.0;-48964.0;5074.0;-663.0;734.0;491.0;25.0;321.0;1238.0;,1;1;0;0;0,-0.54047257,0.102572285,-0.03594372,-2.2786622,-0.9686633
271,124.2656667,519070,61.5,705,26,5,25.5,5,"83.0,40.0;40.0,100.0;100.0,32.0;32.0,95.0;95.0",2019/1/14 0:25,3396.27038,-412.5288222,-9704.0;2747.0;-13359.0;4559.0;,1;1;0;0;0,0.40816465,0.83255523,-0.46222326,-3.7947845,-0.4856584
272,124.1656667,519960,25.5,445,21,1,19,2,"95.0,26.0;26.0,48.0;48.0,48.0;48.0,77.0;77.0",2019/1/14 17:19,3403.542249,-548.3913474,-58385.0;967.0;231.0;1270.0;,1;1;0;0;0,0.3917161,-2.8482714,0.82937163,-2.4533043,-0.5638858
